สารที่ตรวจ,สถานี,บริเวณจุดเก็บ,ครั้งที่ตรวจ,ค่าที่ได้
สารหนู,KK01 ,ชายแดนไทย - พม่า ,ครั้งที่ 1 ,33
สารหนู,KK02 ,สะพานมติ รภาพแม่นาวาง-ท่าตอน  ,ครั้งที่ 1 ,22
สารหนู,KK03 ,สะพานสองดินแดนบ้านแม่สลัก  ,ครั้งที่ 1 ,20
สารหนู,FA01 ,ต.มะลิกา อ.แม่อาย ,ครั้งที่ 1 ,- 
สารหนู,KK04 ,บ้านจะเด้อ หมู่ 6 ,ครั้งที่ 1 ,- 
สารหนู,KK05 ,สะพานมิตรภาพแม่ยาว-ดอยฮาง  ,ครั้งที่ 1 ,- 
สารหนู,KK06 ,บ้านโป่งนาคำ  ,ครั้งที่ 1 ,21
สารหนู,KK07 ,สะพานข้ามแม่น้ำกก  ,ครั้งที่ 1 ,20
สารหนู,KK08 ,สะพานแม่ฟ้าหลวง  ,ครั้งที่ 1 ,21
สารหนู,KK09 ,สะพานเฉลิมพระเกียรติ1  ,ครั้งที่ 1 ,- 
สารหนู,KK10 ,ฝายเชียงราย ,ครั้งที่ 1 ,- 
สารหนู,KK11 ,สะพานริมกก-เวียงเหนือรวมใจ  ,ครั้งที่ 1 ,- 
สารหนู,KK12 ,สะพานโยนกนาคนคร  ,ครั้งที่ 1 ,- 
สารหนู,KK13 ,ต.ท่าข้าวเปลือก อ.แม่จัน ,ครั้งที่ 1 ,- 
สารหนู,KK14 ,ต.หนองป่าก่อ อ.ดอยหลวง  ,ครั้งที่ 1 ,- 
สารหนู,KK15 ,ต.บ้านแซว อ.เชียงแสน  ,ครั้งที่ 1 ,- 
สารหนู,KO01 ,ต.ท่าสาย อ.เมือง จ.เชียงราย ,ครั้งที่ 1 ,- 
สารหนู,LA01 ,ต.เวียงชัย อ.เวียงชัย ,ครั้งที่ 1 ,- 
สารหนู,SU01 ,ต.แม่สรวย อ.แม่สรวย  ,ครั้งที่ 1 ,- 
สารหนู,SA01 ,บ้านหัวฝาย ต.แม่สาย อ.แม่สาย  ,ครั้งที่ 1 ,- 
สารหนู,SA02 ,สะพานมิตรภาพแม่น้ำสายแห่งที่ 2  ,ครั้งที่ 1 ,- 
สารหนู,SA03 ,บ้านป่าซางงาม ม.6  ,ครั้งที่ 1 ,- 
สารหนู,RU01 ,สถานีสูบน้ำเกาะช้าง  การประปาส่วนภูมิภาค  ,ครั้งที่ 1 ,- 
สารหนู,RU02 ,ต.เวียง อ.เชียงแสน ,ครั้งที่ 1 ,- 
สารหนู,NK01 ,จุดผ่านแดนสามเหลี่ยมทองคำ  ,ครั้งที่ 1 ,- 
สารหนู,NK02 ,ต.เวียง อ.เชียงแสน ,ครั้งที่ 1 ,- 
สารหนู,NK03 ,บ้านสบกก ต.บ้านแซว อ.เชียงแสน  ,ครั้งที่ 1 ,- 
แคดเมียม,KK01 ,ชายแดนไทย - พม่า ,ครั้งที่ 1 ,0.58
แคดเมียม,KK02 ,สะพานมติ รภาพแม่นาวาง-ท่าตอน  ,ครั้งที่ 1 ,0.14
แคดเมียม,KK03 ,สะพานสองดินแดนบ้านแม่สลัก  ,ครั้งที่ 1 ,<0.10 
แคดเมียม,FA01 ,ต.มะลิกา อ.แม่อาย ,ครั้งที่ 1 ,- 
แคดเมียม,KK04 ,บ้านจะเด้อ หมู่ 6 ,ครั้งที่ 1 ,- 
แคดเมียม,KK05 ,สะพานมิตรภาพแม่ยาว-ดอยฮาง  ,ครั้งที่ 1 ,- 
แคดเมียม,KK06 ,บ้านโป่งนาคำ  ,ครั้งที่ 1 ,<0.10 
แคดเมียม,KK07 ,สะพานข้ามแม่น้ำกก  ,ครั้งที่ 1 ,0.14
แคดเมียม,KK08 ,สะพานแม่ฟ้าหลวง  ,ครั้งที่ 1 ,0.16
แคดเมียม,KK09 ,สะพานเฉลิมพระเกียรติ1  ,ครั้งที่ 1 ,- 
แคดเมียม,KK10 ,ฝายเชียงราย ,ครั้งที่ 1 ,- 
แคดเมียม,KK11 ,สะพานริมกก-เวียงเหนือรวมใจ  ,ครั้งที่ 1 ,- 
แคดเมียม,KK12 ,สะพานโยนกนาคนคร  ,ครั้งที่ 1 ,- 
แคดเมียม,KK13 ,ต.ท่าข้าวเปลือก อ.แม่จัน ,ครั้งที่ 1 ,- 
แคดเมียม,KK14 ,ต.หนองป่าก่อ อ.ดอยหลวง  ,ครั้งที่ 1 ,- 
แคดเมียม,KK15 ,ต.บ้านแซว อ.เชียงแสน  ,ครั้งที่ 1 ,- 
แคดเมียม,KO01 ,ต.ท่าสาย อ.เมือง จ.เชียงราย ,ครั้งที่ 1 ,- 
แคดเมียม,LA01 ,ต.เวียงชัย อ.เวียงชัย ,ครั้งที่ 1 ,- 
แคดเมียม,SU01 ,ต.แม่สรวย อ.แม่สรวย  ,ครั้งที่ 1 ,- 
แคดเมียม,SA01 ,บ้านหัวฝาย ต.แม่สาย อ.แม่สาย  ,ครั้งที่ 1 ,- 
แคดเมียม,SA02 ,สะพานมิตรภาพแม่น้ำสายแห่งที่ 2  ,ครั้งที่ 1 ,- 
แคดเมียม,SA03 ,บ้านป่าซางงาม ม.6  ,ครั้งที่ 1 ,- 
แคดเมียม,RU01 ,สถานีสูบน้ำเกาะช้าง  การประปาส่วนภูมิภาค  ,ครั้งที่ 1 ,- 
แคดเมียม,RU02 ,ต.เวียง อ.เชียงแสน ,ครั้งที่ 1 ,- 
แคดเมียม,NK01 ,จุดผ่านแดนสามเหลี่ยมทองคำ  ,ครั้งที่ 1 ,- 
แคดเมียม,NK02 ,ต.เวียง อ.เชียงแสน ,ครั้งที่ 1 ,- 
แคดเมียม,NK03 ,บ้านสบกก ต.บ้านแซว อ.เชียงแสน  ,ครั้งที่ 1 ,- 
แมงกานีส,KK01 ,ชายแดนไทย - พม่า ,ครั้งที่ 1 ,280
แมงกานีส,KK02 ,สะพานมติ รภาพแม่นาวาง-ท่าตอน  ,ครั้งที่ 1 ,389
แมงกานีส,KK03 ,สะพานสองดินแดนบ้านแม่สลัก  ,ครั้งที่ 1 ,310
แมงกานีส,FA01 ,ต.มะลิกา อ.แม่อาย ,ครั้งที่ 1 ,- 
แมงกานีส,KK04 ,บ้านจะเด้อ หมู่ 6 ,ครั้งที่ 1 ,- 
แมงกานีส,KK05 ,สะพานมิตรภาพแม่ยาว-ดอยฮาง  ,ครั้งที่ 1 ,- 
แมงกานีส,KK06 ,บ้านโป่งนาคำ  ,ครั้งที่ 1 ,330
แมงกานีส,KK07 ,สะพานข้ามแม่น้ำกก  ,ครั้งที่ 1 ,379
แมงกานีส,KK08 ,สะพานแม่ฟ้าหลวง  ,ครั้งที่ 1 ,642
แมงกานีส,KK09 ,สะพานเฉลิมพระเกียรติ1  ,ครั้งที่ 1 ,- 
แมงกานีส,KK10 ,ฝายเชียงราย ,ครั้งที่ 1 ,- 
แมงกานีส,KK11 ,สะพานริมกก-เวียงเหนือรวมใจ  ,ครั้งที่ 1 ,- 
แมงกานีส,KK12 ,สะพานโยนกนาคนคร  ,ครั้งที่ 1 ,- 
แมงกานีส,KK13 ,ต.ท่าข้าวเปลือก อ.แม่จัน ,ครั้งที่ 1 ,- 
แมงกานีส,KK14 ,ต.หนองป่าก่อ อ.ดอยหลวง  ,ครั้งที่ 1 ,- 
แมงกานีส,KK15 ,ต.บ้านแซว อ.เชียงแสน  ,ครั้งที่ 1 ,- 
แมงกานีส,KO01 ,ต.ท่าสาย อ.เมือง จ.เชียงราย ,ครั้งที่ 1 ,- 
แมงกานีส,LA01 ,ต.เวียงชัย อ.เวียงชัย ,ครั้งที่ 1 ,- 
แมงกานีส,SU01 ,ต.แม่สรวย อ.แม่สรวย  ,ครั้งที่ 1 ,- 
แมงกานีส,SA01 ,บ้านหัวฝาย ต.แม่สาย อ.แม่สาย  ,ครั้งที่ 1 ,- 
แมงกานีส,SA02 ,สะพานมิตรภาพแม่น้ำสายแห่งที่ 2  ,ครั้งที่ 1 ,- 
แมงกานีส,SA03 ,บ้านป่าซางงาม ม.6  ,ครั้งที่ 1 ,- 
แมงกานีส,RU01 ,สถานีสูบน้ำเกาะช้าง  การประปาส่วนภูมิภาค  ,ครั้งที่ 1 ,- 
แมงกานีส,RU02 ,ต.เวียง อ.เชียงแสน ,ครั้งที่ 1 ,- 
แมงกานีส,NK01 ,จุดผ่านแดนสามเหลี่ยมทองคำ  ,ครั้งที่ 1 ,- 
แมงกานีส,NK02 ,ต.เวียง อ.เชียงแสน ,ครั้งที่ 1 ,- 
แมงกานีส,NK03 ,บ้านสบกก ต.บ้านแซว อ.เชียงแสน  ,ครั้งที่ 1 ,- 
นิกเกิล,KK01 ,ชายแดนไทย - พม่า ,ครั้งที่ 1 ,13
นิกเกิล,KK02 ,สะพานมติ รภาพแม่นาวาง-ท่าตอน  ,ครั้งที่ 1 ,21
นิกเกิล,KK03 ,สะพานสองดินแดนบ้านแม่สลัก  ,ครั้งที่ 1 ,16
นิกเกิล,FA01 ,ต.มะลิกา อ.แม่อาย ,ครั้งที่ 1 ,- 
นิกเกิล,KK04 ,บ้านจะเด้อ หมู่ 6 ,ครั้งที่ 1 ,- 
นิกเกิล,KK05 ,สะพานมิตรภาพแม่ยาว-ดอยฮาง  ,ครั้งที่ 1 ,- 
นิกเกิล,KK06 ,บ้านโป่งนาคำ  ,ครั้งที่ 1 ,18
นิกเกิล,KK07 ,สะพานข้ามแม่น้ำกก  ,ครั้งที่ 1 ,21
นิกเกิล,KK08 ,สะพานแม่ฟ้าหลวง  ,ครั้งที่ 1 ,30
นิกเกิล,KK09 ,สะพานเฉลิมพระเกียรติ1  ,ครั้งที่ 1 ,- 
นิกเกิล,KK10 ,ฝายเชียงราย ,ครั้งที่ 1 ,- 
นิกเกิล,KK11 ,สะพานริมกก-เวียงเหนือรวมใจ  ,ครั้งที่ 1 ,- 
นิกเกิล,KK12 ,สะพานโยนกนาคนคร  ,ครั้งที่ 1 ,- 
นิกเกิล,KK13 ,ต.ท่าข้าวเปลือก อ.แม่จัน ,ครั้งที่ 1 ,- 
นิกเกิล,KK14 ,ต.หนองป่าก่อ อ.ดอยหลวง  ,ครั้งที่ 1 ,- 
นิกเกิล,KK15 ,ต.บ้านแซว อ.เชียงแสน  ,ครั้งที่ 1 ,- 
นิกเกิล,KO01 ,ต.ท่าสาย อ.เมือง จ.เชียงราย ,ครั้งที่ 1 ,- 
นิกเกิล,LA01 ,ต.เวียงชัย อ.เวียงชัย ,ครั้งที่ 1 ,- 
นิกเกิล,SU01 ,ต.แม่สรวย อ.แม่สรวย  ,ครั้งที่ 1 ,- 
นิกเกิล,SA01 ,บ้านหัวฝาย ต.แม่สาย อ.แม่สาย  ,ครั้งที่ 1 ,- 
นิกเกิล,SA02 ,สะพานมิตรภาพแม่น้ำสายแห่งที่ 2  ,ครั้งที่ 1 ,- 
นิกเกิล,SA03 ,บ้านป่าซางงาม ม.6  ,ครั้งที่ 1 ,- 
นิกเกิล,RU01 ,สถานีสูบน้ำเกาะช้าง  การประปาส่วนภูมิภาค  ,ครั้งที่ 1 ,- 
นิกเกิล,RU02 ,ต.เวียง อ.เชียงแสน ,ครั้งที่ 1 ,- 
นิกเกิล,NK01 ,จุดผ่านแดนสามเหลี่ยมทองคำ  ,ครั้งที่ 1 ,- 
นิกเกิล,NK02 ,ต.เวียง อ.เชียงแสน ,ครั้งที่ 1 ,- 
นิกเกิล,NK03 ,บ้านสบกก ต.บ้านแซว อ.เชียงแสน  ,ครั้งที่ 1 ,- 
ตะกั่ว,KK01 ,ชายแดนไทย - พม่า ,ครั้งที่ 1 ,28
ตะกั่ว,KK02 ,สะพานมติ รภาพแม่นาวาง-ท่าตอน  ,ครั้งที่ 1 ,22
ตะกั่ว,KK03 ,สะพานสองดินแดนบ้านแม่สลัก  ,ครั้งที่ 1 ,21
ตะกั่ว,FA01 ,ต.มะลิกา อ.แม่อาย ,ครั้งที่ 1 ,- 
ตะกั่ว,KK04 ,บ้านจะเด้อ หมู่ 6 ,ครั้งที่ 1 ,- 
ตะกั่ว,KK05 ,สะพานมิตรภาพแม่ยาว-ดอยฮาง  ,ครั้งที่ 1 ,- 
ตะกั่ว,KK06 ,บ้านโป่งนาคำ  ,ครั้งที่ 1 ,20
ตะกั่ว,KK07 ,สะพานข้ามแม่น้ำกก  ,ครั้งที่ 1 ,25
ตะกั่ว,KK08 ,สะพานแม่ฟ้าหลวง  ,ครั้งที่ 1 ,26
ตะกั่ว,KK09 ,สะพานเฉลิมพระเกียรติ1  ,ครั้งที่ 1 ,- 
ตะกั่ว,KK10 ,ฝายเชียงราย ,ครั้งที่ 1 ,- 
ตะกั่ว,KK11 ,สะพานริมกก-เวียงเหนือรวมใจ  ,ครั้งที่ 1 ,- 
ตะกั่ว,KK12 ,สะพานโยนกนาคนคร  ,ครั้งที่ 1 ,- 
ตะกั่ว,KK13 ,ต.ท่าข้าวเปลือก อ.แม่จัน ,ครั้งที่ 1 ,- 
ตะกั่ว,KK14 ,ต.หนองป่าก่อ อ.ดอยหลวง  ,ครั้งที่ 1 ,- 
ตะกั่ว,KK15 ,ต.บ้านแซว อ.เชียงแสน  ,ครั้งที่ 1 ,- 
ตะกั่ว,KO01 ,ต.ท่าสาย อ.เมือง จ.เชียงราย ,ครั้งที่ 1 ,- 
ตะกั่ว,LA01 ,ต.เวียงชัย อ.เวียงชัย ,ครั้งที่ 1 ,- 
ตะกั่ว,SU01 ,ต.แม่สรวย อ.แม่สรวย  ,ครั้งที่ 1 ,- 
ตะกั่ว,SA01 ,บ้านหัวฝาย ต.แม่สาย อ.แม่สาย  ,ครั้งที่ 1 ,- 
ตะกั่ว,SA02 ,สะพานมิตรภาพแม่น้ำสายแห่งที่ 2  ,ครั้งที่ 1 ,- 
ตะกั่ว,SA03 ,บ้านป่าซางงาม ม.6  ,ครั้งที่ 1 ,- 
ตะกั่ว,RU01 ,สถานีสูบน้ำเกาะช้าง  การประปาส่วนภูมิภาค  ,ครั้งที่ 1 ,- 
ตะกั่ว,RU02 ,ต.เวียง อ.เชียงแสน ,ครั้งที่ 1 ,- 
ตะกั่ว,NK01 ,จุดผ่านแดนสามเหลี่ยมทองคำ  ,ครั้งที่ 1 ,- 
ตะกั่ว,NK02 ,ต.เวียง อ.เชียงแสน ,ครั้งที่ 1 ,- 
ตะกั่ว,NK03 ,บ้านสบกก ต.บ้านแซว อ.เชียงแสน  ,ครั้งที่ 1 ,- 
สังกะสี,KK01 ,ชายแดนไทย - พม่า ,ครั้งที่ 1 ,24
สังกะสี,KK02 ,สะพานมติ รภาพแม่นาวาง-ท่าตอน  ,ครั้งที่ 1 ,31
สังกะสี,KK03 ,สะพานสองดินแดนบ้านแม่สลัก  ,ครั้งที่ 1 ,25
สังกะสี,FA01 ,ต.มะลิกา อ.แม่อาย ,ครั้งที่ 1 ,- 
สังกะสี,KK04 ,บ้านจะเด้อ หมู่ 6 ,ครั้งที่ 1 ,- 
สังกะสี,KK05 ,สะพานมิตรภาพแม่ยาว-ดอยฮาง  ,ครั้งที่ 1 ,- 
สังกะสี,KK06 ,บ้านโป่งนาคำ  ,ครั้งที่ 1 ,30
สังกะสี,KK07 ,สะพานข้ามแม่น้ำกก  ,ครั้งที่ 1 ,32
สังกะสี,KK08 ,สะพานแม่ฟ้าหลวง  ,ครั้งที่ 1 ,46
สังกะสี,KK09 ,สะพานเฉลิมพระเกียรติ1  ,ครั้งที่ 1 ,- 
สังกะสี,KK10 ,ฝายเชียงราย ,ครั้งที่ 1 ,- 
สังกะสี,KK11 ,สะพานริมกก-เวียงเหนือรวมใจ  ,ครั้งที่ 1 ,- 
สังกะสี,KK12 ,สะพานโยนกนาคนคร  ,ครั้งที่ 1 ,- 
สังกะสี,KK13 ,ต.ท่าข้าวเปลือก อ.แม่จัน ,ครั้งที่ 1 ,- 
สังกะสี,KK14 ,ต.หนองป่าก่อ อ.ดอยหลวง  ,ครั้งที่ 1 ,- 
สังกะสี,KK15 ,ต.บ้านแซว อ.เชียงแสน  ,ครั้งที่ 1 ,- 
สังกะสี,KO01 ,ต.ท่าสาย อ.เมือง จ.เชียงราย ,ครั้งที่ 1 ,- 
สังกะสี,LA01 ,ต.เวียงชัย อ.เวียงชัย ,ครั้งที่ 1 ,- 
สังกะสี,SU01 ,ต.แม่สรวย อ.แม่สรวย  ,ครั้งที่ 1 ,- 
สังกะสี,SA01 ,บ้านหัวฝาย ต.แม่สาย อ.แม่สาย  ,ครั้งที่ 1 ,- 
สังกะสี,SA02 ,สะพานมิตรภาพแม่น้ำสายแห่งที่ 2  ,ครั้งที่ 1 ,- 
สังกะสี,SA03 ,บ้านป่าซางงาม ม.6  ,ครั้งที่ 1 ,- 
สังกะสี,RU01 ,สถานีสูบน้ำเกาะช้าง  การประปาส่วนภูมิภาค  ,ครั้งที่ 1 ,- 
สังกะสี,RU02 ,ต.เวียง อ.เชียงแสน ,ครั้งที่ 1 ,- 
สังกะสี,NK01 ,จุดผ่านแดนสามเหลี่ยมทองคำ  ,ครั้งที่ 1 ,- 
สังกะสี,NK02 ,ต.เวียง อ.เชียงแสน ,ครั้งที่ 1 ,- 
สังกะสี,NK03 ,บ้านสบกก ต.บ้านแซว อ.เชียงแสน  ,ครั้งที่ 1 ,- 
ทองแดง,KK01 ,ชายแดนไทย - พม่า ,ครั้งที่ 1 ,23
ทองแดง,KK02 ,สะพานมติ รภาพแม่นาวาง-ท่าตอน  ,ครั้งที่ 1 ,17
ทองแดง,KK03 ,สะพานสองดินแดนบ้านแม่สลัก  ,ครั้งที่ 1 ,16
ทองแดง,FA01 ,ต.มะลิกา อ.แม่อาย ,ครั้งที่ 1 ,- 
ทองแดง,KK04 ,บ้านจะเด้อ หมู่ 6 ,ครั้งที่ 1 ,- 
ทองแดง,KK05 ,สะพานมิตรภาพแม่ยาว-ดอยฮาง  ,ครั้งที่ 1 ,- 
ทองแดง,KK06 ,บ้านโป่งนาคำ  ,ครั้งที่ 1 ,16
ทองแดง,KK07 ,สะพานข้ามแม่น้ำกก  ,ครั้งที่ 1 ,18
ทองแดง,KK08 ,สะพานแม่ฟ้าหลวง  ,ครั้งที่ 1 ,20
ทองแดง,KK09 ,สะพานเฉลิมพระเกียรติ1  ,ครั้งที่ 1 ,- 
ทองแดง,KK10 ,ฝายเชียงราย ,ครั้งที่ 1 ,- 
ทองแดง,KK11 ,สะพานริมกก-เวียงเหนือรวมใจ  ,ครั้งที่ 1 ,- 
ทองแดง,KK12 ,สะพานโยนกนาคนคร  ,ครั้งที่ 1 ,- 
ทองแดง,KK13 ,ต.ท่าข้าวเปลือก อ.แม่จัน ,ครั้งที่ 1 ,- 
ทองแดง,KK14 ,ต.หนองป่าก่อ อ.ดอยหลวง  ,ครั้งที่ 1 ,- 
ทองแดง,KK15 ,ต.บ้านแซว อ.เชียงแสน  ,ครั้งที่ 1 ,- 
ทองแดง,KO01 ,ต.ท่าสาย อ.เมือง จ.เชียงราย ,ครั้งที่ 1 ,- 
ทองแดง,LA01 ,ต.เวียงชัย อ.เวียงชัย ,ครั้งที่ 1 ,- 
ทองแดง,SU01 ,ต.แม่สรวย อ.แม่สรวย  ,ครั้งที่ 1 ,- 
ทองแดง,SA01 ,บ้านหัวฝาย ต.แม่สาย อ.แม่สาย  ,ครั้งที่ 1 ,- 
ทองแดง,SA02 ,สะพานมิตรภาพแม่น้ำสายแห่งที่ 2  ,ครั้งที่ 1 ,- 
ทองแดง,SA03 ,บ้านป่าซางงาม ม.6  ,ครั้งที่ 1 ,- 
ทองแดง,RU01 ,สถานีสูบน้ำเกาะช้าง  การประปาส่วนภูมิภาค  ,ครั้งที่ 1 ,- 
ทองแดง,RU02 ,ต.เวียง อ.เชียงแสน ,ครั้งที่ 1 ,- 
ทองแดง,NK01 ,จุดผ่านแดนสามเหลี่ยมทองคำ  ,ครั้งที่ 1 ,- 
ทองแดง,NK02 ,ต.เวียง อ.เชียงแสน ,ครั้งที่ 1 ,- 
ทองแดง,NK03 ,บ้านสบกก ต.บ้านแซว อ.เชียงแสน  ,ครั้งที่ 1 ,- 
ปรอท,KK01 ,ชายแดนไทย - พม่า ,ครั้งที่ 1 ,ND 
ปรอท,KK02 ,สะพานมติ รภาพแม่นาวาง-ท่าตอน  ,ครั้งที่ 1 ,ND 
ปรอท,KK03 ,สะพานสองดินแดนบ้านแม่สลัก  ,ครั้งที่ 1 ,ND 
ปรอท,FA01 ,ต.มะลิกา อ.แม่อาย ,ครั้งที่ 1 ,- 
ปรอท,KK04 ,บ้านจะเด้อ หมู่ 6 ,ครั้งที่ 1 ,- 
ปรอท,KK05 ,สะพานมิตรภาพแม่ยาว-ดอยฮาง  ,ครั้งที่ 1 ,- 
ปรอท,KK06 ,บ้านโป่งนาคำ  ,ครั้งที่ 1 ,ND 
ปรอท,KK07 ,สะพานข้ามแม่น้ำกก  ,ครั้งที่ 1 ,ND 
ปรอท,KK08 ,สะพานแม่ฟ้าหลวง  ,ครั้งที่ 1 ,ND 
ปรอท,KK09 ,สะพานเฉลิมพระเกียรติ1  ,ครั้งที่ 1 ,- 
ปรอท,KK10 ,ฝายเชียงราย ,ครั้งที่ 1 ,- 
ปรอท,KK11 ,สะพานริมกก-เวียงเหนือรวมใจ  ,ครั้งที่ 1 ,- 
ปรอท,KK12 ,สะพานโยนกนาคนคร  ,ครั้งที่ 1 ,- 
ปรอท,KK13 ,ต.ท่าข้าวเปลือก อ.แม่จัน ,ครั้งที่ 1 ,- 
ปรอท,KK14 ,ต.หนองป่าก่อ อ.ดอยหลวง  ,ครั้งที่ 1 ,- 
ปรอท,KK15 ,ต.บ้านแซว อ.เชียงแสน  ,ครั้งที่ 1 ,- 
ปรอท,KO01 ,ต.ท่าสาย อ.เมือง จ.เชียงราย ,ครั้งที่ 1 ,- 
ปรอท,LA01 ,ต.เวียงชัย อ.เวียงชัย ,ครั้งที่ 1 ,- 
ปรอท,SU01 ,ต.แม่สรวย อ.แม่สรวย  ,ครั้งที่ 1 ,- 
ปรอท,SA01 ,บ้านหัวฝาย ต.แม่สาย อ.แม่สาย  ,ครั้งที่ 1 ,- 
ปรอท,SA02 ,สะพานมิตรภาพแม่น้ำสายแห่งที่ 2  ,ครั้งที่ 1 ,- 
ปรอท,SA03 ,บ้านป่าซางงาม ม.6  ,ครั้งที่ 1 ,- 
ปรอท,RU01 ,สถานีสูบน้ำเกาะช้าง  การประปาส่วนภูมิภาค  ,ครั้งที่ 1 ,- 
ปรอท,RU02 ,ต.เวียง อ.เชียงแสน ,ครั้งที่ 1 ,- 
ปรอท,NK01 ,จุดผ่านแดนสามเหลี่ยมทองคำ  ,ครั้งที่ 1 ,- 
ปรอท,NK02 ,ต.เวียง อ.เชียงแสน ,ครั้งที่ 1 ,- 
ปรอท,NK03 ,บ้านสบกก ต.บ้านแซว อ.เชียงแสน  ,ครั้งที่ 1 ,- 
โครเมียม,KK01 ,ชายแดนไทย - พม่า ,ครั้งที่ 1 ,33
โครเมียม,KK02 ,สะพานมติ รภาพแม่นาวาง-ท่าตอน  ,ครั้งที่ 1 ,43
โครเมียม,KK03 ,สะพานสองดินแดนบ้านแม่สลัก  ,ครั้งที่ 1 ,36
โครเมียม,FA01 ,ต.มะลิกา อ.แม่อาย ,ครั้งที่ 1 ,- 
โครเมียม,KK04 ,บ้านจะเด้อ หมู่ 6 ,ครั้งที่ 1 ,- 
โครเมียม,KK05 ,สะพานมิตรภาพแม่ยาว-ดอยฮาง  ,ครั้งที่ 1 ,- 
โครเมียม,KK06 ,บ้านโป่งนาคำ  ,ครั้งที่ 1 ,40
โครเมียม,KK07 ,สะพานข้ามแม่น้ำกก  ,ครั้งที่ 1 ,45
โครเมียม,KK08 ,สะพานแม่ฟ้าหลวง  ,ครั้งที่ 1 ,60
โครเมียม,KK09 ,สะพานเฉลิมพระเกียรติ1  ,ครั้งที่ 1 ,- 
โครเมียม,KK10 ,ฝายเชียงราย ,ครั้งที่ 1 ,- 
โครเมียม,KK11 ,สะพานริมกก-เวียงเหนือรวมใจ  ,ครั้งที่ 1 ,- 
โครเมียม,KK12 ,สะพานโยนกนาคนคร  ,ครั้งที่ 1 ,- 
โครเมียม,KK13 ,ต.ท่าข้าวเปลือก อ.แม่จัน ,ครั้งที่ 1 ,- 
โครเมียม,KK14 ,ต.หนองป่าก่อ อ.ดอยหลวง  ,ครั้งที่ 1 ,- 
โครเมียม,KK15 ,ต.บ้านแซว อ.เชียงแสน  ,ครั้งที่ 1 ,- 
โครเมียม,KO01 ,ต.ท่าสาย อ.เมือง จ.เชียงราย ,ครั้งที่ 1 ,- 
โครเมียม,LA01 ,ต.เวียงชัย อ.เวียงชัย ,ครั้งที่ 1 ,- 
โครเมียม,SU01 ,ต.แม่สรวย อ.แม่สรวย  ,ครั้งที่ 1 ,- 
โครเมียม,SA01 ,บ้านหัวฝาย ต.แม่สาย อ.แม่สาย  ,ครั้งที่ 1 ,- 
โครเมียม,SA02 ,สะพานมิตรภาพแม่น้ำสายแห่งที่ 2  ,ครั้งที่ 1 ,- 
โครเมียม,SA03 ,บ้านป่าซางงาม ม.6  ,ครั้งที่ 1 ,- 
โครเมียม,RU01 ,สถานีสูบน้ำเกาะช้าง  การประปาส่วนภูมิภาค  ,ครั้งที่ 1 ,- 
โครเมียม,RU02 ,ต.เวียง อ.เชียงแสน ,ครั้งที่ 1 ,- 
โครเมียม,NK01 ,จุดผ่านแดนสามเหลี่ยมทองคำ  ,ครั้งที่ 1 ,- 
โครเมียม,NK02 ,ต.เวียง อ.เชียงแสน ,ครั้งที่ 1 ,- 
โครเมียม,NK03 ,บ้านสบกก ต.บ้านแซว อ.เชียงแสน  ,ครั้งที่ 1 ,- 
สารหนู,KK01 ,ชายแดนไทย - พม่า ,ครั้งที่ 2 ,42
สารหนู,KK02 ,สะพานมติ รภาพแม่นาวาง-ท่าตอน  ,ครั้งที่ 2 ,25
สารหนู,KK03 ,สะพานสองดินแดนบ้านแม่สลัก  ,ครั้งที่ 2 ,43
สารหนู,FA01 ,ต.มะลิกา อ.แม่อาย ,ครั้งที่ 2 ,29
สารหนู,KK04 ,บ้านจะเด้อ หมู่ 6 ,ครั้งที่ 2 ,35
สารหนู,KK05 ,สะพานมิตรภาพแม่ยาว-ดอยฮาง  ,ครั้งที่ 2 ,17
สารหนู,KK06 ,บ้านโป่งนาคำ  ,ครั้งที่ 2 ,26
สารหนู,KK07 ,สะพานข้ามแม่น้ำกก  ,ครั้งที่ 2 ,21
สารหนู,KK08 ,สะพานแม่ฟ้าหลวง  ,ครั้งที่ 2 ,25
สารหนู,KK09 ,สะพานเฉลิมพระเกียรติ1  ,ครั้งที่ 2 ,46
สารหนู,KK10 ,ฝายเชียงราย ,ครั้งที่ 2 ,- 
สารหนู,KK11 ,สะพานริมกก-เวียงเหนือรวมใจ  ,ครั้งที่ 2 ,- 
สารหนู,KK12 ,สะพานโยนกนาคนคร  ,ครั้งที่ 2 ,9.9
สารหนู,KK13 ,ต.ท่าข้าวเปลือก อ.แม่จัน ,ครั้งที่ 2 ,17
สารหนู,KK14 ,ต.หนองป่าก่อ อ.ดอยหลวง  ,ครั้งที่ 2 ,- 
สารหนู,KK15 ,ต.บ้านแซว อ.เชียงแสน  ,ครั้งที่ 2 ,<5.0 
สารหนู,KO01 ,ต.ท่าสาย อ.เมือง จ.เชียงราย ,ครั้งที่ 2 ,21
สารหนู,LA01 ,ต.เวียงชัย อ.เวียงชัย ,ครั้งที่ 2 ,13
สารหนู,SU01 ,ต.แม่สรวย อ.แม่สรวย  ,ครั้งที่ 2 ,9.1
สารหนู,SA01 ,บ้านหัวฝาย ต.แม่สาย อ.แม่สาย  ,ครั้งที่ 2 ,- 
สารหนู,SA02 ,สะพานมิตรภาพแม่น้ำสายแห่งที่ 2  ,ครั้งที่ 2 ,- 
สารหนู,SA03 ,บ้านป่าซางงาม ม.6  ,ครั้งที่ 2 ,- 
สารหนู,RU01 ,สถานีสูบน้ำเกาะช้าง  การประปาส่วนภูมิภาค  ,ครั้งที่ 2 ,- 
สารหนู,RU02 ,ต.เวียง อ.เชียงแสน ,ครั้งที่ 2 ,- 
สารหนู,NK01 ,จุดผ่านแดนสามเหลี่ยมทองคำ  ,ครั้งที่ 2 ,- 
สารหนู,NK02 ,ต.เวียง อ.เชียงแสน ,ครั้งที่ 2 ,16
สารหนู,NK03 ,บ้านสบกก ต.บ้านแซว อ.เชียงแสน  ,ครั้งที่ 2 ,31
แคดเมียม,KK01 ,ชายแดนไทย - พม่า ,ครั้งที่ 2 ,<0.100 
แคดเมียม,KK02 ,สะพานมติ รภาพแม่นาวาง-ท่าตอน  ,ครั้งที่ 2 ,
แคดเมียม,KK03 ,สะพานสองดินแดนบ้านแม่สลัก  ,ครั้งที่ 2 ,
แคดเมียม,FA01 ,ต.มะลิกา อ.แม่อาย ,ครั้งที่ 2 ,<0.10 
แคดเมียม,KK04 ,บ้านจะเด้อ หมู่ 6 ,ครั้งที่ 2 ,<0.100 
แคดเมียม,KK05 ,สะพานมิตรภาพแม่ยาว-ดอยฮาง  ,ครั้งที่ 2 ,<0.100
แคดเมียม,KK06 ,บ้านโป่งนาคำ  ,ครั้งที่ 2 ,<0.100
แคดเมียม,KK07 ,สะพานข้ามแม่น้ำกก  ,ครั้งที่ 2 ,<0.100
แคดเมียม,KK08 ,สะพานแม่ฟ้าหลวง  ,ครั้งที่ 2 ,<0.100
แคดเมียม,KK09 ,สะพานเฉลิมพระเกียรติ1  ,ครั้งที่ 2 ,<0.100
แคดเมียม,KK10 ,ฝายเชียงราย ,ครั้งที่ 2 ,- 
แคดเมียม,KK11 ,สะพานริมกก-เวียงเหนือรวมใจ  ,ครั้งที่ 2 ,- 
แคดเมียม,KK12 ,สะพานโยนกนาคนคร  ,ครั้งที่ 2 ,<0.100
แคดเมียม,KK13 ,ต.ท่าข้าวเปลือก อ.แม่จัน ,ครั้งที่ 2 ,<0.100
แคดเมียม,KK14 ,ต.หนองป่าก่อ อ.ดอยหลวง  ,ครั้งที่ 2 ,- 
แคดเมียม,KK15 ,ต.บ้านแซว อ.เชียงแสน  ,ครั้งที่ 2 ,<0.100 
แคดเมียม,KO01 ,ต.ท่าสาย อ.เมือง จ.เชียงราย ,ครั้งที่ 2 ,0.34
แคดเมียม,LA01 ,ต.เวียงชัย อ.เวียงชัย ,ครั้งที่ 2 ,<0.100 
แคดเมียม,SU01 ,ต.แม่สรวย อ.แม่สรวย  ,ครั้งที่ 2 ,<0.100 
แคดเมียม,SA01 ,บ้านหัวฝาย ต.แม่สาย อ.แม่สาย  ,ครั้งที่ 2 ,- 
แคดเมียม,SA02 ,สะพานมิตรภาพแม่น้ำสายแห่งที่ 2  ,ครั้งที่ 2 ,- 
แคดเมียม,SA03 ,บ้านป่าซางงาม ม.6  ,ครั้งที่ 2 ,- 
แคดเมียม,RU01 ,สถานีสูบน้ำเกาะช้าง  การประปาส่วนภูมิภาค  ,ครั้งที่ 2 ,- 
แคดเมียม,RU02 ,ต.เวียง อ.เชียงแสน ,ครั้งที่ 2 ,- 
แคดเมียม,NK01 ,จุดผ่านแดนสามเหลี่ยมทองคำ  ,ครั้งที่ 2 ,- 
แคดเมียม,NK02 ,ต.เวียง อ.เชียงแสน ,ครั้งที่ 2 ,0.1
แคดเมียม,NK03 ,บ้านสบกก ต.บ้านแซว อ.เชียงแสน  ,ครั้งที่ 2 ,0.55
แมงกานีส,KK01 ,ชายแดนไทย - พม่า ,ครั้งที่ 2 ,222
แมงกานีส,KK02 ,สะพานมติ รภาพแม่นาวาง-ท่าตอน  ,ครั้งที่ 2 ,442
แมงกานีส,KK03 ,สะพานสองดินแดนบ้านแม่สลัก  ,ครั้งที่ 2 ,468
แมงกานีส,FA01 ,ต.มะลิกา อ.แม่อาย ,ครั้งที่ 2 ,656
แมงกานีส,KK04 ,บ้านจะเด้อ หมู่ 6 ,ครั้งที่ 2 ,621
แมงกานีส,KK05 ,สะพานมิตรภาพแม่ยาว-ดอยฮาง  ,ครั้งที่ 2 ,291
แมงกานีส,KK06 ,บ้านโป่งนาคำ  ,ครั้งที่ 2 ,402
แมงกานีส,KK07 ,สะพานข้ามแม่น้ำกก  ,ครั้งที่ 2 ,348
แมงกานีส,KK08 ,สะพานแม่ฟ้าหลวง  ,ครั้งที่ 2 ,370
แมงกานีส,KK09 ,สะพานเฉลิมพระเกียรติ1  ,ครั้งที่ 2 ,751
แมงกานีส,KK10 ,ฝายเชียงราย ,ครั้งที่ 2 ,- 
แมงกานีส,KK11 ,สะพานริมกก-เวียงเหนือรวมใจ  ,ครั้งที่ 2 ,- 
แมงกานีส,KK12 ,สะพานโยนกนาคนคร  ,ครั้งที่ 2 ,432
แมงกานีส,KK13 ,ต.ท่าข้าวเปลือก อ.แม่จัน ,ครั้งที่ 2 ,687
แมงกานีส,KK14 ,ต.หนองป่าก่อ อ.ดอยหลวง  ,ครั้งที่ 2 ,- 
แมงกานีส,KK15 ,ต.บ้านแซว อ.เชียงแสน  ,ครั้งที่ 2 ,225
แมงกานีส,KO01 ,ต.ท่าสาย อ.เมือง จ.เชียงราย ,ครั้งที่ 2 ,667
แมงกานีส,LA01 ,ต.เวียงชัย อ.เวียงชัย ,ครั้งที่ 2 ,373
แมงกานีส,SU01 ,ต.แม่สรวย อ.แม่สรวย  ,ครั้งที่ 2 ,814
แมงกานีส,SA01 ,บ้านหัวฝาย ต.แม่สาย อ.แม่สาย  ,ครั้งที่ 2 ,- 
แมงกานีส,SA02 ,สะพานมิตรภาพแม่น้ำสายแห่งที่ 2  ,ครั้งที่ 2 ,- 
แมงกานีส,SA03 ,บ้านป่าซางงาม ม.6  ,ครั้งที่ 2 ,- 
แมงกานีส,RU01 ,สถานีสูบน้ำเกาะช้าง  การประปาส่วนภูมิภาค  ,ครั้งที่ 2 ,- 
แมงกานีส,RU02 ,ต.เวียง อ.เชียงแสน ,ครั้งที่ 2 ,- 
แมงกานีส,NK01 ,จุดผ่านแดนสามเหลี่ยมทองคำ  ,ครั้งที่ 2 ,- 
แมงกานีส,NK02 ,ต.เวียง อ.เชียงแสน ,ครั้งที่ 2 ,1307
แมงกานีส,NK03 ,บ้านสบกก ต.บ้านแซว อ.เชียงแสน  ,ครั้งที่ 2 ,835
นิกเกิล,KK01 ,ชายแดนไทย - พม่า ,ครั้งที่ 2 ,11
นิกเกิล,KK02 ,สะพานมติ รภาพแม่นาวาง-ท่าตอน  ,ครั้งที่ 2 ,23
นิกเกิล,KK03 ,สะพานสองดินแดนบ้านแม่สลัก  ,ครั้งที่ 2 ,20
นิกเกิล,FA01 ,ต.มะลิกา อ.แม่อาย ,ครั้งที่ 2 ,26
นิกเกิล,KK04 ,บ้านจะเด้อ หมู่ 6 ,ครั้งที่ 2 ,24
นิกเกิล,KK05 ,สะพานมิตรภาพแม่ยาว-ดอยฮาง  ,ครั้งที่ 2 ,18
นิกเกิล,KK06 ,บ้านโป่งนาคำ  ,ครั้งที่ 2 ,22
นิกเกิล,KK07 ,สะพานข้ามแม่น้ำกก  ,ครั้งที่ 2 ,19
นิกเกิล,KK08 ,สะพานแม่ฟ้าหลวง  ,ครั้งที่ 2 ,21
นิกเกิล,KK09 ,สะพานเฉลิมพระเกียรติ1  ,ครั้งที่ 2 ,31
นิกเกิล,KK10 ,ฝายเชียงราย ,ครั้งที่ 2 ,- 
นิกเกิล,KK11 ,สะพานริมกก-เวียงเหนือรวมใจ  ,ครั้งที่ 2 ,- 
นิกเกิล,KK12 ,สะพานโยนกนาคนคร  ,ครั้งที่ 2 ,30
นิกเกิล,KK13 ,ต.ท่าข้าวเปลือก อ.แม่จัน ,ครั้งที่ 2 ,24
นิกเกิล,KK14 ,ต.หนองป่าก่อ อ.ดอยหลวง  ,ครั้งที่ 2 ,- 
นิกเกิล,KK15 ,ต.บ้านแซว อ.เชียงแสน  ,ครั้งที่ 2 ,17
นิกเกิล,KO01 ,ต.ท่าสาย อ.เมือง จ.เชียงราย ,ครั้งที่ 2 ,26
นิกเกิล,LA01 ,ต.เวียงชัย อ.เวียงชัย ,ครั้งที่ 2 ,37
นิกเกิล,SU01 ,ต.แม่สรวย อ.แม่สรวย  ,ครั้งที่ 2 ,24
นิกเกิล,SA01 ,บ้านหัวฝาย ต.แม่สาย อ.แม่สาย  ,ครั้งที่ 2 ,- 
นิกเกิล,SA02 ,สะพานมิตรภาพแม่น้ำสายแห่งที่ 2  ,ครั้งที่ 2 ,- 
นิกเกิล,SA03 ,บ้านป่าซางงาม ม.6  ,ครั้งที่ 2 ,- 
นิกเกิล,RU01 ,สถานีสูบน้ำเกาะช้าง  การประปาส่วนภูมิภาค  ,ครั้งที่ 2 ,- 
นิกเกิล,RU02 ,ต.เวียง อ.เชียงแสน ,ครั้งที่ 2 ,- 
นิกเกิล,NK01 ,จุดผ่านแดนสามเหลี่ยมทองคำ  ,ครั้งที่ 2 ,- 
นิกเกิล,NK02 ,ต.เวียง อ.เชียงแสน ,ครั้งที่ 2 ,20
นิกเกิล,NK03 ,บ้านสบกก ต.บ้านแซว อ.เชียงแสน  ,ครั้งที่ 2 ,20
ตะกั่ว,KK01 ,ชายแดนไทย - พม่า ,ครั้งที่ 2 ,29
ตะกั่ว,KK02 ,สะพานมติ รภาพแม่นาวาง-ท่าตอน  ,ครั้งที่ 2 ,26
ตะกั่ว,KK03 ,สะพานสองดินแดนบ้านแม่สลัก  ,ครั้งที่ 2 ,39
ตะกั่ว,FA01 ,ต.มะลิกา อ.แม่อาย ,ครั้งที่ 2 ,18
ตะกั่ว,KK04 ,บ้านจะเด้อ หมู่ 6 ,ครั้งที่ 2 ,39
ตะกั่ว,KK05 ,สะพานมิตรภาพแม่ยาว-ดอยฮาง  ,ครั้งที่ 2 ,20
ตะกั่ว,KK06 ,บ้านโป่งนาคำ  ,ครั้งที่ 2 ,31
ตะกั่ว,KK07 ,สะพานข้ามแม่น้ำกก  ,ครั้งที่ 2 ,23
ตะกั่ว,KK08 ,สะพานแม่ฟ้าหลวง  ,ครั้งที่ 2 ,24
ตะกั่ว,KK09 ,สะพานเฉลิมพระเกียรติ1  ,ครั้งที่ 2 ,55
ตะกั่ว,KK10 ,ฝายเชียงราย ,ครั้งที่ 2 ,- 
ตะกั่ว,KK11 ,สะพานริมกก-เวียงเหนือรวมใจ  ,ครั้งที่ 2 ,- 
ตะกั่ว,KK12 ,สะพานโยนกนาคนคร  ,ครั้งที่ 2 ,24
ตะกั่ว,KK13 ,ต.ท่าข้าวเปลือก อ.แม่จัน ,ครั้งที่ 2 ,20
ตะกั่ว,KK14 ,ต.หนองป่าก่อ อ.ดอยหลวง  ,ครั้งที่ 2 ,- 
ตะกั่ว,KK15 ,ต.บ้านแซว อ.เชียงแสน  ,ครั้งที่ 2 ,26
ตะกั่ว,KO01 ,ต.ท่าสาย อ.เมือง จ.เชียงราย ,ครั้งที่ 2 ,31
ตะกั่ว,LA01 ,ต.เวียงชัย อ.เวียงชัย ,ครั้งที่ 2 ,22
ตะกั่ว,SU01 ,ต.แม่สรวย อ.แม่สรวย  ,ครั้งที่ 2 ,12
ตะกั่ว,SA01 ,บ้านหัวฝาย ต.แม่สาย อ.แม่สาย  ,ครั้งที่ 2 ,- 
ตะกั่ว,SA02 ,สะพานมิตรภาพแม่น้ำสายแห่งที่ 2  ,ครั้งที่ 2 ,- 
ตะกั่ว,SA03 ,บ้านป่าซางงาม ม.6  ,ครั้งที่ 2 ,- 
ตะกั่ว,RU01 ,สถานีสูบน้ำเกาะช้าง  การประปาส่วนภูมิภาค  ,ครั้งที่ 2 ,- 
ตะกั่ว,RU02 ,ต.เวียง อ.เชียงแสน ,ครั้งที่ 2 ,- 
ตะกั่ว,NK01 ,จุดผ่านแดนสามเหลี่ยมทองคำ  ,ครั้งที่ 2 ,- 
ตะกั่ว,NK02 ,ต.เวียง อ.เชียงแสน ,ครั้งที่ 2 ,23
ตะกั่ว,NK03 ,บ้านสบกก ต.บ้านแซว อ.เชียงแสน  ,ครั้งที่ 2 ,23
สังกะสี,KK01 ,ชายแดนไทย - พม่า ,ครั้งที่ 2 ,20
สังกะสี,KK02 ,สะพานมติ รภาพแม่นาวาง-ท่าตอน  ,ครั้งที่ 2 ,35
สังกะสี,KK03 ,สะพานสองดินแดนบ้านแม่สลัก  ,ครั้งที่ 2 ,33
สังกะสี,FA01 ,ต.มะลิกา อ.แม่อาย ,ครั้งที่ 2 ,34
สังกะสี,KK04 ,บ้านจะเด้อ หมู่ 6 ,ครั้งที่ 2 ,38
สังกะสี,KK05 ,สะพานมิตรภาพแม่ยาว-ดอยฮาง  ,ครั้งที่ 2 ,27
สังกะสี,KK06 ,บ้านโป่งนาคำ  ,ครั้งที่ 2 ,34
สังกะสี,KK07 ,สะพานข้ามแม่น้ำกก  ,ครั้งที่ 2 ,27
สังกะสี,KK08 ,สะพานแม่ฟ้าหลวง  ,ครั้งที่ 2 ,31
สังกะสี,KK09 ,สะพานเฉลิมพระเกียรติ1  ,ครั้งที่ 2 ,50
สังกะสี,KK10 ,ฝายเชียงราย ,ครั้งที่ 2 ,- 
สังกะสี,KK11 ,สะพานริมกก-เวียงเหนือรวมใจ  ,ครั้งที่ 2 ,- 
สังกะสี,KK12 ,สะพานโยนกนาคนคร  ,ครั้งที่ 2 ,44
สังกะสี,KK13 ,ต.ท่าข้าวเปลือก อ.แม่จัน ,ครั้งที่ 2 ,36
สังกะสี,KK14 ,ต.หนองป่าก่อ อ.ดอยหลวง  ,ครั้งที่ 2 ,- 
สังกะสี,KK15 ,ต.บ้านแซว อ.เชียงแสน  ,ครั้งที่ 2 ,46
สังกะสี,KO01 ,ต.ท่าสาย อ.เมือง จ.เชียงราย ,ครั้งที่ 2 ,41
สังกะสี,LA01 ,ต.เวียงชัย อ.เวียงชัย ,ครั้งที่ 2 ,48
สังกะสี,SU01 ,ต.แม่สรวย อ.แม่สรวย  ,ครั้งที่ 2 ,41
สังกะสี,SA01 ,บ้านหัวฝาย ต.แม่สาย อ.แม่สาย  ,ครั้งที่ 2 ,- 
สังกะสี,SA02 ,สะพานมิตรภาพแม่น้ำสายแห่งที่ 2  ,ครั้งที่ 2 ,- 
สังกะสี,SA03 ,บ้านป่าซางงาม ม.6  ,ครั้งที่ 2 ,- 
สังกะสี,RU01 ,สถานีสูบน้ำเกาะช้าง  การประปาส่วนภูมิภาค  ,ครั้งที่ 2 ,- 
สังกะสี,RU02 ,ต.เวียง อ.เชียงแสน ,ครั้งที่ 2 ,- 
สังกะสี,NK01 ,จุดผ่านแดนสามเหลี่ยมทองคำ  ,ครั้งที่ 2 ,- 
สังกะสี,NK02 ,ต.เวียง อ.เชียงแสน ,ครั้งที่ 2 ,64
สังกะสี,NK03 ,บ้านสบกก ต.บ้านแซว อ.เชียงแสน  ,ครั้งที่ 2 ,46
ทองแดง,KK01 ,ชายแดนไทย - พม่า ,ครั้งที่ 2 ,24
ทองแดง,KK02 ,สะพานมติ รภาพแม่นาวาง-ท่าตอน  ,ครั้งที่ 2 ,19
ทองแดง,KK03 ,สะพานสองดินแดนบ้านแม่สลัก  ,ครั้งที่ 2 ,29
ทองแดง,FA01 ,ต.มะลิกา อ.แม่อาย ,ครั้งที่ 2 ,14
ทองแดง,KK04 ,บ้านจะเด้อ หมู่ 6 ,ครั้งที่ 2 ,27
ทองแดง,KK05 ,สะพานมิตรภาพแม่ยาว-ดอยฮาง  ,ครั้งที่ 2 ,16
ทองแดง,KK06 ,บ้านโป่งนาคำ  ,ครั้งที่ 2 ,22
ทองแดง,KK07 ,สะพานข้ามแม่น้ำกก  ,ครั้งที่ 2 ,17
ทองแดง,KK08 ,สะพานแม่ฟ้าหลวง  ,ครั้งที่ 2 ,17
ทองแดง,KK09 ,สะพานเฉลิมพระเกียรติ1  ,ครั้งที่ 2 ,34
ทองแดง,KK10 ,ฝายเชียงราย ,ครั้งที่ 2 ,- 
ทองแดง,KK11 ,สะพานริมกก-เวียงเหนือรวมใจ  ,ครั้งที่ 2 ,- 
ทองแดง,KK12 ,สะพานโยนกนาคนคร  ,ครั้งที่ 2 ,20
ทองแดง,KK13 ,ต.ท่าข้าวเปลือก อ.แม่จัน ,ครั้งที่ 2 ,16
ทองแดง,KK14 ,ต.หนองป่าก่อ อ.ดอยหลวง  ,ครั้งที่ 2 ,- 
ทองแดง,KK15 ,ต.บ้านแซว อ.เชียงแสน  ,ครั้งที่ 2 ,18
ทองแดง,KO01 ,ต.ท่าสาย อ.เมือง จ.เชียงราย ,ครั้งที่ 2 ,33
ทองแดง,LA01 ,ต.เวียงชัย อ.เวียงชัย ,ครั้งที่ 2 ,29
ทองแดง,SU01 ,ต.แม่สรวย อ.แม่สรวย  ,ครั้งที่ 2 ,21
ทองแดง,SA01 ,บ้านหัวฝาย ต.แม่สาย อ.แม่สาย  ,ครั้งที่ 2 ,- 
ทองแดง,SA02 ,สะพานมิตรภาพแม่น้ำสายแห่งที่ 2  ,ครั้งที่ 2 ,- 
ทองแดง,SA03 ,บ้านป่าซางงาม ม.6  ,ครั้งที่ 2 ,- 
ทองแดง,RU01 ,สถานีสูบน้ำเกาะช้าง  การประปาส่วนภูมิภาค  ,ครั้งที่ 2 ,- 
ทองแดง,RU02 ,ต.เวียง อ.เชียงแสน ,ครั้งที่ 2 ,- 
ทองแดง,NK01 ,จุดผ่านแดนสามเหลี่ยมทองคำ  ,ครั้งที่ 2 ,- 
ทองแดง,NK02 ,ต.เวียง อ.เชียงแสน ,ครั้งที่ 2 ,25
ทองแดง,NK03 ,บ้านสบกก ต.บ้านแซว อ.เชียงแสน  ,ครั้งที่ 2 ,23
ปรอท,KK01 ,ชายแดนไทย - พม่า ,ครั้งที่ 2 ,<0.05 
ปรอท,KK02 ,สะพานมติ รภาพแม่นาวาง-ท่าตอน  ,ครั้งที่ 2 ,<0.05 
ปรอท,KK03 ,สะพานสองดินแดนบ้านแม่สลัก  ,ครั้งที่ 2 ,<0.05 
ปรอท,FA01 ,ต.มะลิกา อ.แม่อาย ,ครั้งที่ 2 ,<0.05 
ปรอท,KK04 ,บ้านจะเด้อ หมู่ 6 ,ครั้งที่ 2 ,<0.05 
ปรอท,KK05 ,สะพานมิตรภาพแม่ยาว-ดอยฮาง  ,ครั้งที่ 2 ,<0.05 
ปรอท,KK06 ,บ้านโป่งนาคำ  ,ครั้งที่ 2 ,<0.05 
ปรอท,KK07 ,สะพานข้ามแม่น้ำกก  ,ครั้งที่ 2 ,<0.05 
ปรอท,KK08 ,สะพานแม่ฟ้าหลวง  ,ครั้งที่ 2 ,<0.05 
ปรอท,KK09 ,สะพานเฉลิมพระเกียรติ1  ,ครั้งที่ 2 ,<0.05 
ปรอท,KK10 ,ฝายเชียงราย ,ครั้งที่ 2 ,- 
ปรอท,KK11 ,สะพานริมกก-เวียงเหนือรวมใจ  ,ครั้งที่ 2 ,- 
ปรอท,KK12 ,สะพานโยนกนาคนคร  ,ครั้งที่ 2 ,<0.05 
ปรอท,KK13 ,ต.ท่าข้าวเปลือก อ.แม่จัน ,ครั้งที่ 2 ,<0.05 
ปรอท,KK14 ,ต.หนองป่าก่อ อ.ดอยหลวง  ,ครั้งที่ 2 ,- 
ปรอท,KK15 ,ต.บ้านแซว อ.เชียงแสน  ,ครั้งที่ 2 ,0.09
ปรอท,KO01 ,ต.ท่าสาย อ.เมือง จ.เชียงราย ,ครั้งที่ 2 ,<0.05 
ปรอท,LA01 ,ต.เวียงชัย อ.เวียงชัย ,ครั้งที่ 2 ,<0.05 
ปรอท,SU01 ,ต.แม่สรวย อ.แม่สรวย  ,ครั้งที่ 2 ,<0.05 
ปรอท,SA01 ,บ้านหัวฝาย ต.แม่สาย อ.แม่สาย  ,ครั้งที่ 2 ,- 
ปรอท,SA02 ,สะพานมิตรภาพแม่น้ำสายแห่งที่ 2  ,ครั้งที่ 2 ,- 
ปรอท,SA03 ,บ้านป่าซางงาม ม.6  ,ครั้งที่ 2 ,- 
ปรอท,RU01 ,สถานีสูบน้ำเกาะช้าง  การประปาส่วนภูมิภาค  ,ครั้งที่ 2 ,- 
ปรอท,RU02 ,ต.เวียง อ.เชียงแสน ,ครั้งที่ 2 ,- 
ปรอท,NK01 ,จุดผ่านแดนสามเหลี่ยมทองคำ  ,ครั้งที่ 2 ,- 
ปรอท,NK02 ,ต.เวียง อ.เชียงแสน ,ครั้งที่ 2 ,0.06
ปรอท,NK03 ,บ้านสบกก ต.บ้านแซว อ.เชียงแสน  ,ครั้งที่ 2 ,<0.05 
โครเมียม,KK01 ,ชายแดนไทย - พม่า ,ครั้งที่ 2 ,27
โครเมียม,KK02 ,สะพานมติ รภาพแม่นาวาง-ท่าตอน  ,ครั้งที่ 2 ,47
โครเมียม,KK03 ,สะพานสองดินแดนบ้านแม่สลัก  ,ครั้งที่ 2 ,41
โครเมียม,FA01 ,ต.มะลิกา อ.แม่อาย ,ครั้งที่ 2 ,44
โครเมียม,KK04 ,บ้านจะเด้อ หมู่ 6 ,ครั้งที่ 2 ,50
โครเมียม,KK05 ,สะพานมิตรภาพแม่ยาว-ดอยฮาง  ,ครั้งที่ 2 ,40
โครเมียม,KK06 ,บ้านโป่งนาคำ  ,ครั้งที่ 2 ,47
โครเมียม,KK07 ,สะพานข้ามแม่น้ำกก  ,ครั้งที่ 2 ,41
โครเมียม,KK08 ,สะพานแม่ฟ้าหลวง  ,ครั้งที่ 2 ,44
โครเมียม,KK09 ,สะพานเฉลิมพระเกียรติ1  ,ครั้งที่ 2 ,63
โครเมียม,KK10 ,ฝายเชียงราย ,ครั้งที่ 2 ,- 
โครเมียม,KK11 ,สะพานริมกก-เวียงเหนือรวมใจ  ,ครั้งที่ 2 ,- 
โครเมียม,KK12 ,สะพานโยนกนาคนคร  ,ครั้งที่ 2 ,58
โครเมียม,KK13 ,ต.ท่าข้าวเปลือก อ.แม่จัน ,ครั้งที่ 2 ,47
โครเมียม,KK14 ,ต.หนองป่าก่อ อ.ดอยหลวง  ,ครั้งที่ 2 ,- 
โครเมียม,KK15 ,ต.บ้านแซว อ.เชียงแสน  ,ครั้งที่ 2 ,32
โครเมียม,KO01 ,ต.ท่าสาย อ.เมือง จ.เชียงราย ,ครั้งที่ 2 ,45
โครเมียม,LA01 ,ต.เวียงชัย อ.เวียงชัย ,ครั้งที่ 2 ,55
โครเมียม,SU01 ,ต.แม่สรวย อ.แม่สรวย  ,ครั้งที่ 2 ,45
โครเมียม,SA01 ,บ้านหัวฝาย ต.แม่สาย อ.แม่สาย  ,ครั้งที่ 2 ,- 
โครเมียม,SA02 ,สะพานมิตรภาพแม่น้ำสายแห่งที่ 2  ,ครั้งที่ 2 ,- 
โครเมียม,SA03 ,บ้านป่าซางงาม ม.6  ,ครั้งที่ 2 ,- 
โครเมียม,RU01 ,สถานีสูบน้ำเกาะช้าง  การประปาส่วนภูมิภาค  ,ครั้งที่ 2 ,- 
โครเมียม,RU02 ,ต.เวียง อ.เชียงแสน ,ครั้งที่ 2 ,- 
โครเมียม,NK01 ,จุดผ่านแดนสามเหลี่ยมทองคำ  ,ครั้งที่ 2 ,- 
โครเมียม,NK02 ,ต.เวียง อ.เชียงแสน ,ครั้งที่ 2 ,38
โครเมียม,NK03 ,บ้านสบกก ต.บ้านแซว อ.เชียงแสน  ,ครั้งที่ 2 ,38
สารหนู,KK01 ,ชายแดนไทย - พม่า ,ครั้งที่ 3 ,25
สารหนู,KK02 ,สะพานมติ รภาพแม่นาวาง-ท่าตอน  ,ครั้งที่ 3 ,25
สารหนู,KK03 ,สะพานสองดินแดนบ้านแม่สลัก  ,ครั้งที่ 3 ,34
สารหนู,FA01 ,ต.มะลิกา อ.แม่อาย ,ครั้งที่ 3 ,18
สารหนู,KK04 ,บ้านจะเด้อ หมู่ 6 ,ครั้งที่ 3 ,23
สารหนู,KK05 ,สะพานมิตรภาพแม่ยาว-ดอยฮาง  ,ครั้งที่ 3 ,21
สารหนู,KK06 ,บ้านโป่งนาคำ  ,ครั้งที่ 3 ,18
สารหนู,KK07 ,สะพานข้ามแม่น้ำกก  ,ครั้งที่ 3 ,16
สารหนู,KK08 ,สะพานแม่ฟ้าหลวง  ,ครั้งที่ 3 ,16
สารหนู,KK09 ,สะพานเฉลิมพระเกียรติ1  ,ครั้งที่ 3 ,48
สารหนู,KK10 ,ฝายเชียงราย ,ครั้งที่ 3 ,23
สารหนู,KK11 ,สะพานริมกก-เวียงเหนือรวมใจ  ,ครั้งที่ 3 ,19
สารหนู,KK12 ,สะพานโยนกนาคนคร  ,ครั้งที่ 3 ,32
สารหนู,KK13 ,ต.ท่าข้าวเปลือก อ.แม่จัน ,ครั้งที่ 3 ,23
สารหนู,KK14 ,ต.หนองป่าก่อ อ.ดอยหลวง  ,ครั้งที่ 3 ,14
สารหนู,KK15 ,ต.บ้านแซว อ.เชียงแสน  ,ครั้งที่ 3 ,12
สารหนู,KO01 ,ต.ท่าสาย อ.เมือง จ.เชียงราย ,ครั้งที่ 3 , -  
สารหนู,LA01 ,ต.เวียงชัย อ.เวียงชัย ,ครั้งที่ 3 ,12
สารหนู,SU01 ,ต.แม่สรวย อ.แม่สรวย  ,ครั้งที่ 3 ,9.5
สารหนู,SA01 ,บ้านหัวฝาย ต.แม่สาย อ.แม่สาย  ,ครั้งที่ 3 ,40
สารหนู,SA02 ,สะพานมิตรภาพแม่น้ำสายแห่งที่ 2  ,ครั้งที่ 3 ,34
สารหนู,SA03 ,บ้านป่าซางงาม ม.6  ,ครั้งที่ 3 ,38
สารหนู,RU01 ,สถานีสูบน้ำเกาะช้าง  การประปาส่วนภูมิภาค  ,ครั้งที่ 3 ,- 
สารหนู,RU02 ,ต.เวียง อ.เชียงแสน ,ครั้งที่ 3 ,- 
สารหนู,NK01 ,จุดผ่านแดนสามเหลี่ยมทองคำ  ,ครั้งที่ 3 ,- 
สารหนู,NK02 ,ต.เวียง อ.เชียงแสน ,ครั้งที่ 3 , - 
สารหนู,NK03 ,บ้านสบกก ต.บ้านแซว อ.เชียงแสน  ,ครั้งที่ 3 ,94
แคดเมียม,KK01 ,ชายแดนไทย - พม่า ,ครั้งที่ 3 ,0.44
แคดเมียม,KK02 ,สะพานมติ รภาพแม่นาวาง-ท่าตอน  ,ครั้งที่ 3 ,0.56
แคดเมียม,KK03 ,สะพานสองดินแดนบ้านแม่สลัก  ,ครั้งที่ 3 ,1
แคดเมียม,FA01 ,ต.มะลิกา อ.แม่อาย ,ครั้งที่ 3 ,0.18
แคดเมียม,KK04 ,บ้านจะเด้อ หมู่ 6 ,ครั้งที่ 3 ,0.41
แคดเมียม,KK05 ,สะพานมิตรภาพแม่ยาว-ดอยฮาง  ,ครั้งที่ 3 ,0.29
แคดเมียม,KK06 ,บ้านโป่งนาคำ  ,ครั้งที่ 3 ,0.24
แคดเมียม,KK07 ,สะพานข้ามแม่น้ำกก  ,ครั้งที่ 3 ,0.1
แคดเมียม,KK08 ,สะพานแม่ฟ้าหลวง  ,ครั้งที่ 3 ,0.18
แคดเมียม,KK09 ,สะพานเฉลิมพระเกียรติ1  ,ครั้งที่ 3 ,1.4
แคดเมียม,KK10 ,ฝายเชียงราย ,ครั้งที่ 3 ,0.43
แคดเมียม,KK11 ,สะพานริมกก-เวียงเหนือรวมใจ  ,ครั้งที่ 3 ,0.23
แคดเมียม,KK12 ,สะพานโยนกนาคนคร  ,ครั้งที่ 3 ,0.94
แคดเมียม,KK13 ,ต.ท่าข้าวเปลือก อ.แม่จัน ,ครั้งที่ 3 ,0.51
แคดเมียม,KK14 ,ต.หนองป่าก่อ อ.ดอยหลวง  ,ครั้งที่ 3 ,<0.10 
แคดเมียม,KK15 ,ต.บ้านแซว อ.เชียงแสน  ,ครั้งที่ 3 ,0.11
แคดเมียม,KO01 ,ต.ท่าสาย อ.เมือง จ.เชียงราย ,ครั้งที่ 3 , -  
แคดเมียม,LA01 ,ต.เวียงชัย อ.เวียงชัย ,ครั้งที่ 3 ,0.16
แคดเมียม,SU01 ,ต.แม่สรวย อ.แม่สรวย  ,ครั้งที่ 3 ,<0.10 
แคดเมียม,SA01 ,บ้านหัวฝาย ต.แม่สาย อ.แม่สาย  ,ครั้งที่ 3 ,1
แคดเมียม,SA02 ,สะพานมิตรภาพแม่น้ำสายแห่งที่ 2  ,ครั้งที่ 3 ,0.34
แคดเมียม,SA03 ,บ้านป่าซางงาม ม.6  ,ครั้งที่ 3 ,0.94
แคดเมียม,RU01 ,สถานีสูบน้ำเกาะช้าง  การประปาส่วนภูมิภาค  ,ครั้งที่ 3 ,- 
แคดเมียม,RU02 ,ต.เวียง อ.เชียงแสน ,ครั้งที่ 3 ,- 
แคดเมียม,NK01 ,จุดผ่านแดนสามเหลี่ยมทองคำ  ,ครั้งที่ 3 ,- 
แคดเมียม,NK02 ,ต.เวียง อ.เชียงแสน ,ครั้งที่ 3 , - 
แคดเมียม,NK03 ,บ้านสบกก ต.บ้านแซว อ.เชียงแสน  ,ครั้งที่ 3 ,3.5
แมงกานีส,KK01 ,ชายแดนไทย - พม่า ,ครั้งที่ 3 ,192
แมงกานีส,KK02 ,สะพานมติ รภาพแม่นาวาง-ท่าตอน  ,ครั้งที่ 3 ,262
แมงกานีส,KK03 ,สะพานสองดินแดนบ้านแม่สลัก  ,ครั้งที่ 3 ,301
แมงกานีส,FA01 ,ต.มะลิกา อ.แม่อาย ,ครั้งที่ 3 ,446
แมงกานีส,KK04 ,บ้านจะเด้อ หมู่ 6 ,ครั้งที่ 3 ,295
แมงกานีส,KK05 ,สะพานมิตรภาพแม่ยาว-ดอยฮาง  ,ครั้งที่ 3 ,262
แมงกานีส,KK06 ,บ้านโป่งนาคำ  ,ครั้งที่ 3 ,226
แมงกานีส,KK07 ,สะพานข้ามแม่น้ำกก  ,ครั้งที่ 3 ,194
แมงกานีส,KK08 ,สะพานแม่ฟ้าหลวง  ,ครั้งที่ 3 ,258
แมงกานีส,KK09 ,สะพานเฉลิมพระเกียรติ1  ,ครั้งที่ 3 ,716
แมงกานีส,KK10 ,ฝายเชียงราย ,ครั้งที่ 3 ,418
แมงกานีส,KK11 ,สะพานริมกก-เวียงเหนือรวมใจ  ,ครั้งที่ 3 ,320
แมงกานีส,KK12 ,สะพานโยนกนาคนคร  ,ครั้งที่ 3 ,805
แมงกานีส,KK13 ,ต.ท่าข้าวเปลือก อ.แม่จัน ,ครั้งที่ 3 ,498
แมงกานีส,KK14 ,ต.หนองป่าก่อ อ.ดอยหลวง  ,ครั้งที่ 3 ,266
แมงกานีส,KK15 ,ต.บ้านแซว อ.เชียงแสน  ,ครั้งที่ 3 ,317
แมงกานีส,KO01 ,ต.ท่าสาย อ.เมือง จ.เชียงราย ,ครั้งที่ 3 ,- 
แมงกานีส,LA01 ,ต.เวียงชัย อ.เวียงชัย ,ครั้งที่ 3 ,654
แมงกานีส,SU01 ,ต.แม่สรวย อ.แม่สรวย  ,ครั้งที่ 3 ,643
แมงกานีส,SA01 ,บ้านหัวฝาย ต.แม่สาย อ.แม่สาย  ,ครั้งที่ 3 ,202
แมงกานีส,SA02 ,สะพานมิตรภาพแม่น้ำสายแห่งที่ 2  ,ครั้งที่ 3 ,177
แมงกานีส,SA03 ,บ้านป่าซางงาม ม.6  ,ครั้งที่ 3 ,243
แมงกานีส,RU01 ,สถานีสูบน้ำเกาะช้าง  การประปาส่วนภูมิภาค  ,ครั้งที่ 3 ,- 
แมงกานีส,RU02 ,ต.เวียง อ.เชียงแสน ,ครั้งที่ 3 ,- 
แมงกานีส,NK01 ,จุดผ่านแดนสามเหลี่ยมทองคำ  ,ครั้งที่ 3 ,- 
แมงกานีส,NK02 ,ต.เวียง อ.เชียงแสน ,ครั้งที่ 3 , - 
แมงกานีส,NK03 ,บ้านสบกก ต.บ้านแซว อ.เชียงแสน  ,ครั้งที่ 3 ,584
นิกเกิล,KK01 ,ชายแดนไทย - พม่า ,ครั้งที่ 3 ,13
นิกเกิล,KK02 ,สะพานมติ รภาพแม่นาวาง-ท่าตอน  ,ครั้งที่ 3 ,18
นิกเกิล,KK03 ,สะพานสองดินแดนบ้านแม่สลัก  ,ครั้งที่ 3 ,18
นิกเกิล,FA01 ,ต.มะลิกา อ.แม่อาย ,ครั้งที่ 3 ,17
นิกเกิล,KK04 ,บ้านจะเด้อ หมู่ 6 ,ครั้งที่ 3 ,23
นิกเกิล,KK05 ,สะพานมิตรภาพแม่ยาว-ดอยฮาง  ,ครั้งที่ 3 ,19
นิกเกิล,KK06 ,บ้านโป่งนาคำ  ,ครั้งที่ 3 ,16
นิกเกิล,KK07 ,สะพานข้ามแม่น้ำกก  ,ครั้งที่ 3 ,13
นิกเกิล,KK08 ,สะพานแม่ฟ้าหลวง  ,ครั้งที่ 3 ,16
นิกเกิล,KK09 ,สะพานเฉลิมพระเกียรติ1  ,ครั้งที่ 3 ,20
นิกเกิล,KK10 ,ฝายเชียงราย ,ครั้งที่ 3 ,21
นิกเกิล,KK11 ,สะพานริมกก-เวียงเหนือรวมใจ  ,ครั้งที่ 3 ,20
นิกเกิล,KK12 ,สะพานโยนกนาคนคร  ,ครั้งที่ 3 ,36
นิกเกิล,KK13 ,ต.ท่าข้าวเปลือก อ.แม่จัน ,ครั้งที่ 3 ,27
นิกเกิล,KK14 ,ต.หนองป่าก่อ อ.ดอยหลวง  ,ครั้งที่ 3 ,17
นิกเกิล,KK15 ,ต.บ้านแซว อ.เชียงแสน  ,ครั้งที่ 3 ,20
นิกเกิล,KO01 ,ต.ท่าสาย อ.เมือง จ.เชียงราย ,ครั้งที่ 3 , - 
นิกเกิล,LA01 ,ต.เวียงชัย อ.เวียงชัย ,ครั้งที่ 3 ,34
นิกเกิล,SU01 ,ต.แม่สรวย อ.แม่สรวย  ,ครั้งที่ 3 ,18
นิกเกิล,SA01 ,บ้านหัวฝาย ต.แม่สาย อ.แม่สาย  ,ครั้งที่ 3 ,15
นิกเกิล,SA02 ,สะพานมิตรภาพแม่น้ำสายแห่งที่ 2  ,ครั้งที่ 3 ,12
นิกเกิล,SA03 ,บ้านป่าซางงาม ม.6  ,ครั้งที่ 3 ,18
นิกเกิล,RU01 ,สถานีสูบน้ำเกาะช้าง  การประปาส่วนภูมิภาค  ,ครั้งที่ 3 ,- 
นิกเกิล,RU02 ,ต.เวียง อ.เชียงแสน ,ครั้งที่ 3 ,- 
นิกเกิล,NK01 ,จุดผ่านแดนสามเหลี่ยมทองคำ  ,ครั้งที่ 3 ,- 
นิกเกิล,NK02 ,ต.เวียง อ.เชียงแสน ,ครั้งที่ 3 , - 
นิกเกิล,NK03 ,บ้านสบกก ต.บ้านแซว อ.เชียงแสน  ,ครั้งที่ 3 ,28
ตะกั่ว,KK01 ,ชายแดนไทย - พม่า ,ครั้งที่ 3 ,22
ตะกั่ว,KK02 ,สะพานมติ รภาพแม่นาวาง-ท่าตอน  ,ครั้งที่ 3 ,25
ตะกั่ว,KK03 ,สะพานสองดินแดนบ้านแม่สลัก  ,ครั้งที่ 3 ,32
ตะกั่ว,FA01 ,ต.มะลิกา อ.แม่อาย ,ครั้งที่ 3 ,14
ตะกั่ว,KK04 ,บ้านจะเด้อ หมู่ 6 ,ครั้งที่ 3 ,26
ตะกั่ว,KK05 ,สะพานมิตรภาพแม่ยาว-ดอยฮาง  ,ครั้งที่ 3 ,22
ตะกั่ว,KK06 ,บ้านโป่งนาคำ  ,ครั้งที่ 3 ,19
ตะกั่ว,KK07 ,สะพานข้ามแม่น้ำกก  ,ครั้งที่ 3 ,16
ตะกั่ว,KK08 ,สะพานแม่ฟ้าหลวง  ,ครั้งที่ 3 ,18
ตะกั่ว,KK09 ,สะพานเฉลิมพระเกียรติ1  ,ครั้งที่ 3 ,53
ตะกั่ว,KK10 ,ฝายเชียงราย ,ครั้งที่ 3 ,26
ตะกั่ว,KK11 ,สะพานริมกก-เวียงเหนือรวมใจ  ,ครั้งที่ 3 ,21
ตะกั่ว,KK12 ,สะพานโยนกนาคนคร  ,ครั้งที่ 3 ,42
ตะกั่ว,KK13 ,ต.ท่าข้าวเปลือก อ.แม่จัน ,ครั้งที่ 3 ,31
ตะกั่ว,KK14 ,ต.หนองป่าก่อ อ.ดอยหลวง  ,ครั้งที่ 3 ,18
ตะกั่ว,KK15 ,ต.บ้านแซว อ.เชียงแสน  ,ครั้งที่ 3 ,19
ตะกั่ว,KO01 ,ต.ท่าสาย อ.เมือง จ.เชียงราย ,ครั้งที่ 3 , - 
ตะกั่ว,LA01 ,ต.เวียงชัย อ.เวียงชัย ,ครั้งที่ 3 ,22
ตะกั่ว,SU01 ,ต.แม่สรวย อ.แม่สรวย  ,ครั้งที่ 3 ,10
ตะกั่ว,SA01 ,บ้านหัวฝาย ต.แม่สาย อ.แม่สาย  ,ครั้งที่ 3 ,26
ตะกั่ว,SA02 ,สะพานมิตรภาพแม่น้ำสายแห่งที่ 2  ,ครั้งที่ 3 ,21
ตะกั่ว,SA03 ,บ้านป่าซางงาม ม.6  ,ครั้งที่ 3 ,27
ตะกั่ว,RU01 ,สถานีสูบน้ำเกาะช้าง  การประปาส่วนภูมิภาค  ,ครั้งที่ 3 ,- 
ตะกั่ว,RU02 ,ต.เวียง อ.เชียงแสน ,ครั้งที่ 3 ,- 
ตะกั่ว,NK01 ,จุดผ่านแดนสามเหลี่ยมทองคำ  ,ครั้งที่ 3 ,- 
ตะกั่ว,NK02 ,ต.เวียง อ.เชียงแสน ,ครั้งที่ 3 , - 
ตะกั่ว,NK03 ,บ้านสบกก ต.บ้านแซว อ.เชียงแสน  ,ครั้งที่ 3 ,40
สังกะสี,KK01 ,ชายแดนไทย - พม่า ,ครั้งที่ 3 ,21
สังกะสี,KK02 ,สะพานมติ รภาพแม่นาวาง-ท่าตอน  ,ครั้งที่ 3 ,30
สังกะสี,KK03 ,สะพานสองดินแดนบ้านแม่สลัก  ,ครั้งที่ 3 ,33
สังกะสี,FA01 ,ต.มะลิกา อ.แม่อาย ,ครั้งที่ 3 ,26
สังกะสี,KK04 ,บ้านจะเด้อ หมู่ 6 ,ครั้งที่ 3 ,39
สังกะสี,KK05 ,สะพานมิตรภาพแม่ยาว-ดอยฮาง  ,ครั้งที่ 3 ,30
สังกะสี,KK06 ,บ้านโป่งนาคำ  ,ครั้งที่ 3 ,27
สังกะสี,KK07 ,สะพานข้ามแม่น้ำกก  ,ครั้งที่ 3 ,20
สังกะสี,KK08 ,สะพานแม่ฟ้าหลวง  ,ครั้งที่ 3 ,25
สังกะสี,KK09 ,สะพานเฉลิมพระเกียรติ1  ,ครั้งที่ 3 ,49
สังกะสี,KK10 ,ฝายเชียงราย ,ครั้งที่ 3 ,32
สังกะสี,KK11 ,สะพานริมกก-เวียงเหนือรวมใจ  ,ครั้งที่ 3 ,31
สังกะสี,KK12 ,สะพานโยนกนาคนคร  ,ครั้งที่ 3 ,56
สังกะสี,KK13 ,ต.ท่าข้าวเปลือก อ.แม่จัน ,ครั้งที่ 3 ,44
สังกะสี,KK14 ,ต.หนองป่าก่อ อ.ดอยหลวง  ,ครั้งที่ 3 ,28
สังกะสี,KK15 ,ต.บ้านแซว อ.เชียงแสน  ,ครั้งที่ 3 ,31
สังกะสี,KO01 ,ต.ท่าสาย อ.เมือง จ.เชียงราย ,ครั้งที่ 3 , - 
สังกะสี,LA01 ,ต.เวียงชัย อ.เวียงชัย ,ครั้งที่ 3 ,46
สังกะสี,SU01 ,ต.แม่สรวย อ.แม่สรวย  ,ครั้งที่ 3 ,31
สังกะสี,SA01 ,บ้านหัวฝาย ต.แม่สาย อ.แม่สาย  ,ครั้งที่ 3 ,26
สังกะสี,SA02 ,สะพานมิตรภาพแม่น้ำสายแห่งที่ 2  ,ครั้งที่ 3 ,18
สังกะสี,SA03 ,บ้านป่าซางงาม ม.6  ,ครั้งที่ 3 ,31
สังกะสี,RU01 ,สถานีสูบน้ำเกาะช้าง  การประปาส่วนภูมิภาค  ,ครั้งที่ 3 ,- 
สังกะสี,RU02 ,ต.เวียง อ.เชียงแสน ,ครั้งที่ 3 ,- 
สังกะสี,NK01 ,จุดผ่านแดนสามเหลี่ยมทองคำ  ,ครั้งที่ 3 ,- 
สังกะสี,NK02 ,ต.เวียง อ.เชียงแสน ,ครั้งที่ 3 , - 
สังกะสี,NK03 ,บ้านสบกก ต.บ้านแซว อ.เชียงแสน  ,ครั้งที่ 3 ,58
ทองแดง,KK01 ,ชายแดนไทย - พม่า ,ครั้งที่ 3 ,16
ทองแดง,KK02 ,สะพานมติ รภาพแม่นาวาง-ท่าตอน  ,ครั้งที่ 3 ,19
ทองแดง,KK03 ,สะพานสองดินแดนบ้านแม่สลัก  ,ครั้งที่ 3 ,24
ทองแดง,FA01 ,ต.มะลิกา อ.แม่อาย ,ครั้งที่ 3 ,11
ทองแดง,KK04 ,บ้านจะเด้อ หมู่ 6 ,ครั้งที่ 3 ,20
ทองแดง,KK05 ,สะพานมิตรภาพแม่ยาว-ดอยฮาง  ,ครั้งที่ 3 ,18
ทองแดง,KK06 ,บ้านโป่งนาคำ  ,ครั้งที่ 3 ,16
ทองแดง,KK07 ,สะพานข้ามแม่น้ำกก  ,ครั้งที่ 3 ,15
ทองแดง,KK08 ,สะพานแม่ฟ้าหลวง  ,ครั้งที่ 3 ,15
ทองแดง,KK09 ,สะพานเฉลิมพระเกียรติ1  ,ครั้งที่ 3 ,38
ทองแดง,KK10 ,ฝายเชียงราย ,ครั้งที่ 3 ,21
ทองแดง,KK11 ,สะพานริมกก-เวียงเหนือรวมใจ  ,ครั้งที่ 3 ,18
ทองแดง,KK12 ,สะพานโยนกนาคนคร  ,ครั้งที่ 3 ,34
ทองแดง,KK13 ,ต.ท่าข้าวเปลือก อ.แม่จัน ,ครั้งที่ 3 ,25
ทองแดง,KK14 ,ต.หนองป่าก่อ อ.ดอยหลวง  ,ครั้งที่ 3 ,15
ทองแดง,KK15 ,ต.บ้านแซว อ.เชียงแสน  ,ครั้งที่ 3 ,16
ทองแดง,KO01 ,ต.ท่าสาย อ.เมือง จ.เชียงราย ,ครั้งที่ 3 , - 
ทองแดง,LA01 ,ต.เวียงชัย อ.เวียงชัย ,ครั้งที่ 3 ,25
ทองแดง,SU01 ,ต.แม่สรวย อ.แม่สรวย  ,ครั้งที่ 3 ,19
ทองแดง,SA01 ,บ้านหัวฝาย ต.แม่สาย อ.แม่สาย  ,ครั้งที่ 3 ,13
ทองแดง,SA02 ,สะพานมิตรภาพแม่น้ำสายแห่งที่ 2  ,ครั้งที่ 3 ,16
ทองแดง,SA03 ,บ้านป่าซางงาม ม.6  ,ครั้งที่ 3 ,16
ทองแดง,RU01 ,สถานีสูบน้ำเกาะช้าง  การประปาส่วนภูมิภาค  ,ครั้งที่ 3 ,- 
ทองแดง,RU02 ,ต.เวียง อ.เชียงแสน ,ครั้งที่ 3 ,- 
ทองแดง,NK01 ,จุดผ่านแดนสามเหลี่ยมทองคำ  ,ครั้งที่ 3 ,- 
ทองแดง,NK02 ,ต.เวียง อ.เชียงแสน ,ครั้งที่ 3 , - 
ทองแดง,NK03 ,บ้านสบกก ต.บ้านแซว อ.เชียงแสน  ,ครั้งที่ 3 ,42
ปรอท,KK01 ,ชายแดนไทย - พม่า ,ครั้งที่ 3 ,<0.05 
ปรอท,KK02 ,สะพานมติ รภาพแม่นาวาง-ท่าตอน  ,ครั้งที่ 3 ,<0.05 
ปรอท,KK03 ,สะพานสองดินแดนบ้านแม่สลัก  ,ครั้งที่ 3 ,<0.05 
ปรอท,FA01 ,ต.มะลิกา อ.แม่อาย ,ครั้งที่ 3 ,<0.05 
ปรอท,KK04 ,บ้านจะเด้อ หมู่ 6 ,ครั้งที่ 3 ,<0.05 
ปรอท,KK05 ,สะพานมิตรภาพแม่ยาว-ดอยฮาง  ,ครั้งที่ 3 ,<0.05 
ปรอท,KK06 ,บ้านโป่งนาคำ  ,ครั้งที่ 3 ,<0.05 
ปรอท,KK07 ,สะพานข้ามแม่น้ำกก  ,ครั้งที่ 3 ,<0.05 
ปรอท,KK08 ,สะพานแม่ฟ้าหลวง  ,ครั้งที่ 3 ,<0.05 
ปรอท,KK09 ,สะพานเฉลิมพระเกียรติ1  ,ครั้งที่ 3 ,0.13
ปรอท,KK10 ,ฝายเชียงราย ,ครั้งที่ 3 ,<0.05 
ปรอท,KK11 ,สะพานริมกก-เวียงเหนือรวมใจ  ,ครั้งที่ 3 ,<0.05 
ปรอท,KK12 ,สะพานโยนกนาคนคร  ,ครั้งที่ 3 ,0.06
ปรอท,KK13 ,ต.ท่าข้าวเปลือก อ.แม่จัน ,ครั้งที่ 3 ,<0.05 
ปรอท,KK14 ,ต.หนองป่าก่อ อ.ดอยหลวง  ,ครั้งที่ 3 ,<0.05 
ปรอท,KK15 ,ต.บ้านแซว อ.เชียงแสน  ,ครั้งที่ 3 ,<0.05 
ปรอท,KO01 ,ต.ท่าสาย อ.เมือง จ.เชียงราย ,ครั้งที่ 3 ,  
ปรอท,LA01 ,ต.เวียงชัย อ.เวียงชัย ,ครั้งที่ 3 ,<0.05 
ปรอท,SU01 ,ต.แม่สรวย อ.แม่สรวย  ,ครั้งที่ 3 ,<0.05 
ปรอท,SA01 ,บ้านหัวฝาย ต.แม่สาย อ.แม่สาย  ,ครั้งที่ 3 ,<0.05 
ปรอท,SA02 ,สะพานมิตรภาพแม่น้ำสายแห่งที่ 2  ,ครั้งที่ 3 ,<0.05 
ปรอท,SA03 ,บ้านป่าซางงาม ม.6  ,ครั้งที่ 3 ,<0.05 
ปรอท,RU01 ,สถานีสูบน้ำเกาะช้าง  การประปาส่วนภูมิภาค  ,ครั้งที่ 3 ,- 
ปรอท,RU02 ,ต.เวียง อ.เชียงแสน ,ครั้งที่ 3 ,- 
ปรอท,NK01 ,จุดผ่านแดนสามเหลี่ยมทองคำ  ,ครั้งที่ 3 ,- 
ปรอท,NK02 ,ต.เวียง อ.เชียงแสน ,ครั้งที่ 3 , - 
ปรอท,NK03 ,บ้านสบกก ต.บ้านแซว อ.เชียงแสน  ,ครั้งที่ 3 ,0.07
โครเมียม,KK01 ,ชายแดนไทย - พม่า ,ครั้งที่ 3 ,40
โครเมียม,KK02 ,สะพานมติ รภาพแม่นาวาง-ท่าตอน  ,ครั้งที่ 3 ,40
โครเมียม,KK03 ,สะพานสองดินแดนบ้านแม่สลัก  ,ครั้งที่ 3 ,40
โครเมียม,FA01 ,ต.มะลิกา อ.แม่อาย ,ครั้งที่ 3 ,33
โครเมียม,KK04 ,บ้านจะเด้อ หมู่ 6 ,ครั้งที่ 3 ,47
โครเมียม,KK05 ,สะพานมิตรภาพแม่ยาว-ดอยฮาง  ,ครั้งที่ 3 ,41
โครเมียม,KK06 ,บ้านโป่งนาคำ  ,ครั้งที่ 3 ,37
โครเมียม,KK07 ,สะพานข้ามแม่น้ำกก  ,ครั้งที่ 3 ,29
โครเมียม,KK08 ,สะพานแม่ฟ้าหลวง  ,ครั้งที่ 3 ,36
โครเมียม,KK09 ,สะพานเฉลิมพระเกียรติ1  ,ครั้งที่ 3 ,58
โครเมียม,KK10 ,ฝายเชียงราย ,ครั้งที่ 3 ,43
โครเมียม,KK11 ,สะพานริมกก-เวียงเหนือรวมใจ  ,ครั้งที่ 3 ,42
โครเมียม,KK12 ,สะพานโยนกนาคนคร  ,ครั้งที่ 3 ,67
โครเมียม,KK13 ,ต.ท่าข้าวเปลือก อ.แม่จัน ,ครั้งที่ 3 ,53
โครเมียม,KK14 ,ต.หนองป่าก่อ อ.ดอยหลวง  ,ครั้งที่ 3 ,37
โครเมียม,KK15 ,ต.บ้านแซว อ.เชียงแสน  ,ครั้งที่ 3 ,41
โครเมียม,KO01 ,ต.ท่าสาย อ.เมือง จ.เชียงราย ,ครั้งที่ 3 , - 
โครเมียม,LA01 ,ต.เวียงชัย อ.เวียงชัย ,ครั้งที่ 3 ,57
โครเมียม,SU01 ,ต.แม่สรวย อ.แม่สรวย  ,ครั้งที่ 3 ,35
โครเมียม,SA01 ,บ้านหัวฝาย ต.แม่สาย อ.แม่สาย  ,ครั้งที่ 3 ,34
โครเมียม,SA02 ,สะพานมิตรภาพแม่น้ำสายแห่งที่ 2  ,ครั้งที่ 3 ,45
โครเมียม,SA03 ,บ้านป่าซางงาม ม.6  ,ครั้งที่ 3 ,41
โครเมียม,RU01 ,สถานีสูบน้ำเกาะช้าง  การประปาส่วนภูมิภาค  ,ครั้งที่ 3 ,- 
โครเมียม,RU02 ,ต.เวียง อ.เชียงแสน ,ครั้งที่ 3 ,- 
โครเมียม,NK01 ,จุดผ่านแดนสามเหลี่ยมทองคำ  ,ครั้งที่ 3 ,- 
โครเมียม,NK02 ,ต.เวียง อ.เชียงแสน ,ครั้งที่ 3 , - 
โครเมียม,NK03 ,บ้านสบกก ต.บ้านแซว อ.เชียงแสน  ,ครั้งที่ 3 ,52
สารหนู,KK01 ,ชายแดนไทย - พม่า ,ครั้งที่ 4 ,25
สารหนู,KK02 ,สะพานมติ รภาพแม่นาวาง-ท่าตอน  ,ครั้งที่ 4 ,21
สารหนู,KK03 ,สะพานสองดินแดนบ้านแม่สลัก  ,ครั้งที่ 4 ,30
สารหนู,FA01 ,ต.มะลิกา อ.แม่อาย ,ครั้งที่ 4 ,19
สารหนู,KK04 ,บ้านจะเด้อ หมู่ 6 ,ครั้งที่ 4 ,25
สารหนู,KK05 ,สะพานมิตรภาพแม่ยาว-ดอยฮาง  ,ครั้งที่ 4 ,13
สารหนู,KK06 ,บ้านโป่งนาคำ  ,ครั้งที่ 4 ,22
สารหนู,KK07 ,สะพานข้ามแม่น้ำกก  ,ครั้งที่ 4 ,23
สารหนู,KK08 ,สะพานแม่ฟ้าหลวง  ,ครั้งที่ 4 ,20
สารหนู,KK09 ,สะพานเฉลิมพระเกียรติ1  ,ครั้งที่ 4 ,24
สารหนู,KK10 ,ฝายเชียงราย ,ครั้งที่ 4 ,23
สารหนู,KK11 ,สะพานริมกก-เวียงเหนือรวมใจ  ,ครั้งที่ 4 ,19
สารหนู,KK12 ,สะพานโยนกนาคนคร  ,ครั้งที่ 4 ,17
สารหนู,KK13 ,ต.ท่าข้าวเปลือก อ.แม่จัน ,ครั้งที่ 4 ,17
สารหนู,KK14 ,ต.หนองป่าก่อ อ.ดอยหลวง  ,ครั้งที่ 4 ,9.7
สารหนู,KK15 ,ต.บ้านแซว อ.เชียงแสน  ,ครั้งที่ 4 ,16
สารหนู,KO01 ,ต.ท่าสาย อ.เมือง จ.เชียงราย ,ครั้งที่ 4 ,20
สารหนู,LA01 ,ต.เวียงชัย อ.เวียงชัย ,ครั้งที่ 4 ,13
สารหนู,SU01 ,ต.แม่สรวย อ.แม่สรวย  ,ครั้งที่ 4 ,7.1
สารหนู,SA01 ,บ้านหัวฝาย ต.แม่สาย อ.แม่สาย  ,ครั้งที่ 4 ,43
สารหนู,SA02 ,สะพานมิตรภาพแม่น้ำสายแห่งที่ 2  ,ครั้งที่ 4 ,38
สารหนู,SA03 ,บ้านป่าซางงาม ม.6  ,ครั้งที่ 4 ,9.9
สารหนู,RU01 ,สถานีสูบน้ำเกาะช้าง  การประปาส่วนภูมิภาค  ,ครั้งที่ 4 ,23
สารหนู,RU02 ,ต.เวียง อ.เชียงแสน ,ครั้งที่ 4 ,21
สารหนู,NK01 ,จุดผ่านแดนสามเหลี่ยมทองคำ  ,ครั้งที่ 4 ,65
สารหนู,NK02 ,ต.เวียง อ.เชียงแสน ,ครั้งที่ 4 ,26
สารหนู,NK03 ,บ้านสบกก ต.บ้านแซว อ.เชียงแสน  ,ครั้งที่ 4 ,17
แคดเมียม,KK01 ,ชายแดนไทย - พม่า ,ครั้งที่ 4 ,0.9
แคดเมียม,KK02 ,สะพานมติ รภาพแม่นาวาง-ท่าตอน  ,ครั้งที่ 4 ,0.74
แคดเมียม,KK03 ,สะพานสองดินแดนบ้านแม่สลัก  ,ครั้งที่ 4 ,0.86
แคดเมียม,FA01 ,ต.มะลิกา อ.แม่อาย ,ครั้งที่ 4 ,0.64
แคดเมียม,KK04 ,บ้านจะเด้อ หมู่ 6 ,ครั้งที่ 4 ,1
แคดเมียม,KK05 ,สะพานมิตรภาพแม่ยาว-ดอยฮาง  ,ครั้งที่ 4 ,0.45
แคดเมียม,KK06 ,บ้านโป่งนาคำ  ,ครั้งที่ 4 ,0.8
แคดเมียม,KK07 ,สะพานข้ามแม่น้ำกก  ,ครั้งที่ 4 ,0.92
แคดเมียม,KK08 ,สะพานแม่ฟ้าหลวง  ,ครั้งที่ 4 ,0.73
แคดเมียม,KK09 ,สะพานเฉลิมพระเกียรติ1  ,ครั้งที่ 4 ,1.1
แคดเมียม,KK10 ,ฝายเชียงราย ,ครั้งที่ 4 ,0.92
แคดเมียม,KK11 ,สะพานริมกก-เวียงเหนือรวมใจ  ,ครั้งที่ 4 ,0.8
แคดเมียม,KK12 ,สะพานโยนกนาคนคร  ,ครั้งที่ 4 ,0.49
แคดเมียม,KK13 ,ต.ท่าข้าวเปลือก อ.แม่จัน ,ครั้งที่ 4 ,0.65
แคดเมียม,KK14 ,ต.หนองป่าก่อ อ.ดอยหลวง  ,ครั้งที่ 4 ,0.53
แคดเมียม,KK15 ,ต.บ้านแซว อ.เชียงแสน  ,ครั้งที่ 4 ,0.64
แคดเมียม,KO01 ,ต.ท่าสาย อ.เมือง จ.เชียงราย ,ครั้งที่ 4 ,1.1
แคดเมียม,LA01 ,ต.เวียงชัย อ.เวียงชัย ,ครั้งที่ 4 ,0.63
แคดเมียม,SU01 ,ต.แม่สรวย อ.แม่สรวย  ,ครั้งที่ 4 ,0.52
แคดเมียม,SA01 ,บ้านหัวฝาย ต.แม่สาย อ.แม่สาย  ,ครั้งที่ 4 ,1.5
แคดเมียม,SA02 ,สะพานมิตรภาพแม่น้ำสายแห่งที่ 2  ,ครั้งที่ 4 ,0.76
แคดเมียม,SA03 ,บ้านป่าซางงาม ม.6  ,ครั้งที่ 4 ,0.57
แคดเมียม,RU01 ,สถานีสูบน้ำเกาะช้าง  การประปาส่วนภูมิภาค  ,ครั้งที่ 4 ,0.91
แคดเมียม,RU02 ,ต.เวียง อ.เชียงแสน ,ครั้งที่ 4 ,0.89
แคดเมียม,NK01 ,จุดผ่านแดนสามเหลี่ยมทองคำ  ,ครั้งที่ 4 ,2.5
แคดเมียม,NK02 ,ต.เวียง อ.เชียงแสน ,ครั้งที่ 4 ,1
แคดเมียม,NK03 ,บ้านสบกก ต.บ้านแซว อ.เชียงแสน  ,ครั้งที่ 4 ,0.67
แมงกานีส,KK01 ,ชายแดนไทย - พม่า ,ครั้งที่ 4 ,218
แมงกานีส,KK02 ,สะพานมติ รภาพแม่นาวาง-ท่าตอน  ,ครั้งที่ 4 ,505
แมงกานีส,KK03 ,สะพานสองดินแดนบ้านแม่สลัก  ,ครั้งที่ 4 ,236
แมงกานีส,FA01 ,ต.มะลิกา อ.แม่อาย ,ครั้งที่ 4 ,375
แมงกานีส,KK04 ,บ้านจะเด้อ หมู่ 6 ,ครั้งที่ 4 ,402
แมงกานีส,KK05 ,สะพานมิตรภาพแม่ยาว-ดอยฮาง  ,ครั้งที่ 4 ,200
แมงกานีส,KK06 ,บ้านโป่งนาคำ  ,ครั้งที่ 4 ,319
แมงกานีส,KK07 ,สะพานข้ามแม่น้ำกก  ,ครั้งที่ 4 ,341
แมงกานีส,KK08 ,สะพานแม่ฟ้าหลวง  ,ครั้งที่ 4 ,287
แมงกานีส,KK09 ,สะพานเฉลิมพระเกียรติ1  ,ครั้งที่ 4 ,487
แมงกานีส,KK10 ,ฝายเชียงราย ,ครั้งที่ 4 ,553
แมงกานีส,KK11 ,สะพานริมกก-เวียงเหนือรวมใจ  ,ครั้งที่ 4 ,445
แมงกานีส,KK12 ,สะพานโยนกนาคนคร  ,ครั้งที่ 4 ,349
แมงกานีส,KK13 ,ต.ท่าข้าวเปลือก อ.แม่จัน ,ครั้งที่ 4 ,477
แมงกานีส,KK14 ,ต.หนองป่าก่อ อ.ดอยหลวง  ,ครั้งที่ 4 ,287
แมงกานีส,KK15 ,ต.บ้านแซว อ.เชียงแสน  ,ครั้งที่ 4 ,506
แมงกานีส,KO01 ,ต.ท่าสาย อ.เมือง จ.เชียงราย ,ครั้งที่ 4 ,1594
แมงกานีส,LA01 ,ต.เวียงชัย อ.เวียงชัย ,ครั้งที่ 4 ,706
แมงกานีส,SU01 ,ต.แม่สรวย อ.แม่สรวย  ,ครั้งที่ 4 ,151
แมงกานีส,SA01 ,บ้านหัวฝาย ต.แม่สาย อ.แม่สาย  ,ครั้งที่ 4 ,339
แมงกานีส,SA02 ,สะพานมิตรภาพแม่น้ำสายแห่งที่ 2  ,ครั้งที่ 4 ,248
แมงกานีส,SA03 ,บ้านป่าซางงาม ม.6  ,ครั้งที่ 4 ,417
แมงกานีส,RU01 ,สถานีสูบน้ำเกาะช้าง  การประปาส่วนภูมิภาค  ,ครั้งที่ 4 ,437
แมงกานีส,RU02 ,ต.เวียง อ.เชียงแสน ,ครั้งที่ 4 ,756
แมงกานีส,NK01 ,จุดผ่านแดนสามเหลี่ยมทองคำ  ,ครั้งที่ 4 ,633
แมงกานีส,NK02 ,ต.เวียง อ.เชียงแสน ,ครั้งที่ 4 ,1189
แมงกานีส,NK03 ,บ้านสบกก ต.บ้านแซว อ.เชียงแสน  ,ครั้งที่ 4 ,727
นิกเกิล,KK01 ,ชายแดนไทย - พม่า ,ครั้งที่ 4 ,12
นิกเกิล,KK02 ,สะพานมติ รภาพแม่นาวาง-ท่าตอน  ,ครั้งที่ 4 ,22
นิกเกิล,KK03 ,สะพานสองดินแดนบ้านแม่สลัก  ,ครั้งที่ 4 ,12
นิกเกิล,FA01 ,ต.มะลิกา อ.แม่อาย ,ครั้งที่ 4 ,17
นิกเกิล,KK04 ,บ้านจะเด้อ หมู่ 6 ,ครั้งที่ 4 ,23
นิกเกิล,KK05 ,สะพานมิตรภาพแม่ยาว-ดอยฮาง  ,ครั้งที่ 4 ,12
นิกเกิล,KK06 ,บ้านโป่งนาคำ  ,ครั้งที่ 4 ,19
นิกเกิล,KK07 ,สะพานข้ามแม่น้ำกก  ,ครั้งที่ 4 ,20
นิกเกิล,KK08 ,สะพานแม่ฟ้าหลวง  ,ครั้งที่ 4 ,19
นิกเกิล,KK09 ,สะพานเฉลิมพระเกียรติ1  ,ครั้งที่ 4 ,25
นิกเกิล,KK10 ,ฝายเชียงราย ,ครั้งที่ 4 ,32
นิกเกิล,KK11 ,สะพานริมกก-เวียงเหนือรวมใจ  ,ครั้งที่ 4 ,26
นิกเกิล,KK12 ,สะพานโยนกนาคนคร  ,ครั้งที่ 4 ,17
นิกเกิล,KK13 ,ต.ท่าข้าวเปลือก อ.แม่จัน ,ครั้งที่ 4 ,22
นิกเกิล,KK14 ,ต.หนองป่าก่อ อ.ดอยหลวง  ,ครั้งที่ 4 ,39
นิกเกิล,KK15 ,ต.บ้านแซว อ.เชียงแสน  ,ครั้งที่ 4 ,30
นิกเกิล,KO01 ,ต.ท่าสาย อ.เมือง จ.เชียงราย ,ครั้งที่ 4 ,31
นิกเกิล,LA01 ,ต.เวียงชัย อ.เวียงชัย ,ครั้งที่ 4 ,31
นิกเกิล,SU01 ,ต.แม่สรวย อ.แม่สรวย  ,ครั้งที่ 4 ,27
นิกเกิล,SA01 ,บ้านหัวฝาย ต.แม่สาย อ.แม่สาย  ,ครั้งที่ 4 ,24
นิกเกิล,SA02 ,สะพานมิตรภาพแม่น้ำสายแห่งที่ 2  ,ครั้งที่ 4 ,14
นิกเกิล,SA03 ,บ้านป่าซางงาม ม.6  ,ครั้งที่ 4 ,48
นิกเกิล,RU01 ,สถานีสูบน้ำเกาะช้าง  การประปาส่วนภูมิภาค  ,ครั้งที่ 4 ,26
นิกเกิล,RU02 ,ต.เวียง อ.เชียงแสน ,ครั้งที่ 4 ,33
นิกเกิล,NK01 ,จุดผ่านแดนสามเหลี่ยมทองคำ  ,ครั้งที่ 4 ,23
นิกเกิล,NK02 ,ต.เวียง อ.เชียงแสน ,ครั้งที่ 4 ,17
นิกเกิล,NK03 ,บ้านสบกก ต.บ้านแซว อ.เชียงแสน  ,ครั้งที่ 4 ,22
ตะกั่ว,KK01 ,ชายแดนไทย - พม่า ,ครั้งที่ 4 ,21
ตะกั่ว,KK02 ,สะพานมติ รภาพแม่นาวาง-ท่าตอน  ,ครั้งที่ 4 ,23
ตะกั่ว,KK03 ,สะพานสองดินแดนบ้านแม่สลัก  ,ครั้งที่ 4 ,20
ตะกั่ว,FA01 ,ต.มะลิกา อ.แม่อาย ,ครั้งที่ 4 ,14
ตะกั่ว,KK04 ,บ้านจะเด้อ หมู่ 6 ,ครั้งที่ 4 ,32
ตะกั่ว,KK05 ,สะพานมิตรภาพแม่ยาว-ดอยฮาง  ,ครั้งที่ 4 ,13
ตะกั่ว,KK06 ,บ้านโป่งนาคำ  ,ครั้งที่ 4 ,22
ตะกั่ว,KK07 ,สะพานข้ามแม่น้ำกก  ,ครั้งที่ 4 ,24
ตะกั่ว,KK08 ,สะพานแม่ฟ้าหลวง  ,ครั้งที่ 4 ,21
ตะกั่ว,KK09 ,สะพานเฉลิมพระเกียรติ1  ,ครั้งที่ 4 ,28
ตะกั่ว,KK10 ,ฝายเชียงราย ,ครั้งที่ 4 ,34
ตะกั่ว,KK11 ,สะพานริมกก-เวียงเหนือรวมใจ  ,ครั้งที่ 4 ,27
ตะกั่ว,KK12 ,สะพานโยนกนาคนคร  ,ครั้งที่ 4 ,19
ตะกั่ว,KK13 ,ต.ท่าข้าวเปลือก อ.แม่จัน ,ครั้งที่ 4 ,23
ตะกั่ว,KK14 ,ต.หนองป่าก่อ อ.ดอยหลวง  ,ครั้งที่ 4 ,28
ตะกั่ว,KK15 ,ต.บ้านแซว อ.เชียงแสน  ,ครั้งที่ 4 ,24
ตะกั่ว,KO01 ,ต.ท่าสาย อ.เมือง จ.เชียงราย ,ครั้งที่ 4 ,28
ตะกั่ว,LA01 ,ต.เวียงชัย อ.เวียงชัย ,ครั้งที่ 4 ,21
ตะกั่ว,SU01 ,ต.แม่สรวย อ.แม่สรวย  ,ครั้งที่ 4 ,16
ตะกั่ว,SA01 ,บ้านหัวฝาย ต.แม่สาย อ.แม่สาย  ,ครั้งที่ 4 ,33
ตะกั่ว,SA02 ,สะพานมิตรภาพแม่น้ำสายแห่งที่ 2  ,ครั้งที่ 4 ,23
ตะกั่ว,SA03 ,บ้านป่าซางงาม ม.6  ,ครั้งที่ 4 ,36
ตะกั่ว,RU01 ,สถานีสูบน้ำเกาะช้าง  การประปาส่วนภูมิภาค  ,ครั้งที่ 4 ,28
ตะกั่ว,RU02 ,ต.เวียง อ.เชียงแสน ,ครั้งที่ 4 ,31
ตะกั่ว,NK01 ,จุดผ่านแดนสามเหลี่ยมทองคำ  ,ครั้งที่ 4 ,25
ตะกั่ว,NK02 ,ต.เวียง อ.เชียงแสน ,ครั้งที่ 4 ,23
ตะกั่ว,NK03 ,บ้านสบกก ต.บ้านแซว อ.เชียงแสน  ,ครั้งที่ 4 ,22
สังกะสี,KK01 ,ชายแดนไทย - พม่า ,ครั้งที่ 4 ,21
สังกะสี,KK02 ,สะพานมติ รภาพแม่นาวาง-ท่าตอน  ,ครั้งที่ 4 ,35
สังกะสี,KK03 ,สะพานสองดินแดนบ้านแม่สลัก  ,ครั้งที่ 4 ,17
สังกะสี,FA01 ,ต.มะลิกา อ.แม่อาย ,ครั้งที่ 4 ,25
สังกะสี,KK04 ,บ้านจะเด้อ หมู่ 6 ,ครั้งที่ 4 ,39
สังกะสี,KK05 ,สะพานมิตรภาพแม่ยาว-ดอยฮาง  ,ครั้งที่ 4 ,17
สังกะสี,KK06 ,บ้านโป่งนาคำ  ,ครั้งที่ 4 ,30
สังกะสี,KK07 ,สะพานข้ามแม่น้ำกก  ,ครั้งที่ 4 ,31
สังกะสี,KK08 ,สะพานแม่ฟ้าหลวง  ,ครั้งที่ 4 ,30
สังกะสี,KK09 ,สะพานเฉลิมพระเกียรติ1  ,ครั้งที่ 4 ,40
สังกะสี,KK10 ,ฝายเชียงราย ,ครั้งที่ 4 ,48
สังกะสี,KK11 ,สะพานริมกก-เวียงเหนือรวมใจ  ,ครั้งที่ 4 ,39
สังกะสี,KK12 ,สะพานโยนกนาคนคร  ,ครั้งที่ 4 ,26
สังกะสี,KK13 ,ต.ท่าข้าวเปลือก อ.แม่จัน ,ครั้งที่ 4 ,34
สังกะสี,KK14 ,ต.หนองป่าก่อ อ.ดอยหลวง  ,ครั้งที่ 4 ,55
สังกะสี,KK15 ,ต.บ้านแซว อ.เชียงแสน  ,ครั้งที่ 4 ,45
สังกะสี,KO01 ,ต.ท่าสาย อ.เมือง จ.เชียงราย ,ครั้งที่ 4 ,68
สังกะสี,LA01 ,ต.เวียงชัย อ.เวียงชัย ,ครั้งที่ 4 ,42
สังกะสี,SU01 ,ต.แม่สรวย อ.แม่สรวย  ,ครั้งที่ 4 ,49
สังกะสี,SA01 ,บ้านหัวฝาย ต.แม่สาย อ.แม่สาย  ,ครั้งที่ 4 ,41
สังกะสี,SA02 ,สะพานมิตรภาพแม่น้ำสายแห่งที่ 2  ,ครั้งที่ 4 ,20
สังกะสี,SA03 ,บ้านป่าซางงาม ม.6  ,ครั้งที่ 4 ,78
สังกะสี,RU01 ,สถานีสูบน้ำเกาะช้าง  การประปาส่วนภูมิภาค  ,ครั้งที่ 4 ,55
สังกะสี,RU02 ,ต.เวียง อ.เชียงแสน ,ครั้งที่ 4 ,63
สังกะสี,NK01 ,จุดผ่านแดนสามเหลี่ยมทองคำ  ,ครั้งที่ 4 ,43
สังกะสี,NK02 ,ต.เวียง อ.เชียงแสน ,ครั้งที่ 4 ,50
สังกะสี,NK03 ,บ้านสบกก ต.บ้านแซว อ.เชียงแสน  ,ครั้งที่ 4 ,45
ทองแดง,KK01 ,ชายแดนไทย - พม่า ,ครั้งที่ 4 ,17
ทองแดง,KK02 ,สะพานมติ รภาพแม่นาวาง-ท่าตอน  ,ครั้งที่ 4 ,19
ทองแดง,KK03 ,สะพานสองดินแดนบ้านแม่สลัก  ,ครั้งที่ 4 ,16
ทองแดง,FA01 ,ต.มะลิกา อ.แม่อาย ,ครั้งที่ 4 ,12
ทองแดง,KK04 ,บ้านจะเด้อ หมู่ 6 ,ครั้งที่ 4 ,22
ทองแดง,KK05 ,สะพานมิตรภาพแม่ยาว-ดอยฮาง  ,ครั้งที่ 4 ,10
ทองแดง,KK06 ,บ้านโป่งนาคำ  ,ครั้งที่ 4 ,18
ทองแดง,KK07 ,สะพานข้ามแม่น้ำกก  ,ครั้งที่ 4 ,20
ทองแดง,KK08 ,สะพานแม่ฟ้าหลวง  ,ครั้งที่ 4 ,17
ทองแดง,KK09 ,สะพานเฉลิมพระเกียรติ1  ,ครั้งที่ 4 ,21
ทองแดง,KK10 ,ฝายเชียงราย ,ครั้งที่ 4 ,26
ทองแดง,KK11 ,สะพานริมกก-เวียงเหนือรวมใจ  ,ครั้งที่ 4 ,20
ทองแดง,KK12 ,สะพานโยนกนาคนคร  ,ครั้งที่ 4 ,18
ทองแดง,KK13 ,ต.ท่าข้าวเปลือก อ.แม่จัน ,ครั้งที่ 4 ,17
ทองแดง,KK14 ,ต.หนองป่าก่อ อ.ดอยหลวง  ,ครั้งที่ 4 ,24
ทองแดง,KK15 ,ต.บ้านแซว อ.เชียงแสน  ,ครั้งที่ 4 ,21
ทองแดง,KO01 ,ต.ท่าสาย อ.เมือง จ.เชียงราย ,ครั้งที่ 4 ,32
ทองแดง,LA01 ,ต.เวียงชัย อ.เวียงชัย ,ครั้งที่ 4 ,23
ทองแดง,SU01 ,ต.แม่สรวย อ.แม่สรวย  ,ครั้งที่ 4 ,35
ทองแดง,SA01 ,บ้านหัวฝาย ต.แม่สาย อ.แม่สาย  ,ครั้งที่ 4 ,19
ทองแดง,SA02 ,สะพานมิตรภาพแม่น้ำสายแห่งที่ 2  ,ครั้งที่ 4 ,16
ทองแดง,SA03 ,บ้านป่าซางงาม ม.6  ,ครั้งที่ 4 ,41
ทองแดง,RU01 ,สถานีสูบน้ำเกาะช้าง  การประปาส่วนภูมิภาค  ,ครั้งที่ 4 ,26
ทองแดง,RU02 ,ต.เวียง อ.เชียงแสน ,ครั้งที่ 4 ,38
ทองแดง,NK01 ,จุดผ่านแดนสามเหลี่ยมทองคำ  ,ครั้งที่ 4 ,25
ทองแดง,NK02 ,ต.เวียง อ.เชียงแสน ,ครั้งที่ 4 ,25
ทองแดง,NK03 ,บ้านสบกก ต.บ้านแซว อ.เชียงแสน  ,ครั้งที่ 4 ,22
ปรอท,KK01 ,ชายแดนไทย - พม่า ,ครั้งที่ 4 ,<0.05 
ปรอท,KK02 ,สะพานมติ รภาพแม่นาวาง-ท่าตอน  ,ครั้งที่ 4 ,<0.05 
ปรอท,KK03 ,สะพานสองดินแดนบ้านแม่สลัก  ,ครั้งที่ 4 ,<0.05 
ปรอท,FA01 ,ต.มะลิกา อ.แม่อาย ,ครั้งที่ 4 ,0.12
ปรอท,KK04 ,บ้านจะเด้อ หมู่ 6 ,ครั้งที่ 4 ,<0.05 
ปรอท,KK05 ,สะพานมิตรภาพแม่ยาว-ดอยฮาง  ,ครั้งที่ 4 ,<0.05 
ปรอท,KK06 ,บ้านโป่งนาคำ  ,ครั้งที่ 4 ,<0.05 
ปรอท,KK07 ,สะพานข้ามแม่น้ำกก  ,ครั้งที่ 4 ,<0.05 
ปรอท,KK08 ,สะพานแม่ฟ้าหลวง  ,ครั้งที่ 4 ,<0.05 
ปรอท,KK09 ,สะพานเฉลิมพระเกียรติ1  ,ครั้งที่ 4 ,<0.05 
ปรอท,KK10 ,ฝายเชียงราย ,ครั้งที่ 4 ,<0.05 
ปรอท,KK11 ,สะพานริมกก-เวียงเหนือรวมใจ  ,ครั้งที่ 4 ,<0.05 
ปรอท,KK12 ,สะพานโยนกนาคนคร  ,ครั้งที่ 4 ,<0.05 
ปรอท,KK13 ,ต.ท่าข้าวเปลือก อ.แม่จัน ,ครั้งที่ 4 ,<0.05 
ปรอท,KK14 ,ต.หนองป่าก่อ อ.ดอยหลวง  ,ครั้งที่ 4 ,<0.05 
ปรอท,KK15 ,ต.บ้านแซว อ.เชียงแสน  ,ครั้งที่ 4 ,<0.05 
ปรอท,KO01 ,ต.ท่าสาย อ.เมือง จ.เชียงราย ,ครั้งที่ 4 ,<0.05 
ปรอท,LA01 ,ต.เวียงชัย อ.เวียงชัย ,ครั้งที่ 4 ,0.14
ปรอท,SU01 ,ต.แม่สรวย อ.แม่สรวย  ,ครั้งที่ 4 ,<0.05 
ปรอท,SA01 ,บ้านหัวฝาย ต.แม่สาย อ.แม่สาย  ,ครั้งที่ 4 ,<0.05 
ปรอท,SA02 ,สะพานมิตรภาพแม่น้ำสายแห่งที่ 2  ,ครั้งที่ 4 ,<0.05 
ปรอท,SA03 ,บ้านป่าซางงาม ม.6  ,ครั้งที่ 4 ,0.05
ปรอท,RU01 ,สถานีสูบน้ำเกาะช้าง  การประปาส่วนภูมิภาค  ,ครั้งที่ 4 ,<0.05 
ปรอท,RU02 ,ต.เวียง อ.เชียงแสน ,ครั้งที่ 4 ,<0.05 
ปรอท,NK01 ,จุดผ่านแดนสามเหลี่ยมทองคำ  ,ครั้งที่ 4 ,<0.05 
ปรอท,NK02 ,ต.เวียง อ.เชียงแสน ,ครั้งที่ 4 ,<0.05 
ปรอท,NK03 ,บ้านสบกก ต.บ้านแซว อ.เชียงแสน  ,ครั้งที่ 4 ,<0.05 
โครเมียม,KK01 ,ชายแดนไทย - พม่า ,ครั้งที่ 4 ,28
โครเมียม,KK02 ,สะพานมติ รภาพแม่นาวาง-ท่าตอน  ,ครั้งที่ 4 ,45
โครเมียม,KK03 ,สะพานสองดินแดนบ้านแม่สลัก  ,ครั้งที่ 4 ,27
โครเมียม,FA01 ,ต.มะลิกา อ.แม่อาย ,ครั้งที่ 4 ,33
โครเมียม,KK04 ,บ้านจะเด้อ หมู่ 6 ,ครั้งที่ 4 ,48
โครเมียม,KK05 ,สะพานมิตรภาพแม่ยาว-ดอยฮาง  ,ครั้งที่ 4 ,29
โครเมียม,KK06 ,บ้านโป่งนาคำ  ,ครั้งที่ 4 ,39
โครเมียม,KK07 ,สะพานข้ามแม่น้ำกก  ,ครั้งที่ 4 ,40
โครเมียม,KK08 ,สะพานแม่ฟ้าหลวง  ,ครั้งที่ 4 ,40
โครเมียม,KK09 ,สะพานเฉลิมพระเกียรติ1  ,ครั้งที่ 4 ,49
โครเมียม,KK10 ,ฝายเชียงราย ,ครั้งที่ 4 ,61
โครเมียม,KK11 ,สะพานริมกก-เวียงเหนือรวมใจ  ,ครั้งที่ 4 ,51
โครเมียม,KK12 ,สะพานโยนกนาคนคร  ,ครั้งที่ 4 ,38
โครเมียม,KK13 ,ต.ท่าข้าวเปลือก อ.แม่จัน ,ครั้งที่ 4 ,43
โครเมียม,KK14 ,ต.หนองป่าก่อ อ.ดอยหลวง  ,ครั้งที่ 4 ,67
โครเมียม,KK15 ,ต.บ้านแซว อ.เชียงแสน  ,ครั้งที่ 4 ,56
โครเมียม,KO01 ,ต.ท่าสาย อ.เมือง จ.เชียงราย ,ครั้งที่ 4 ,50
โครเมียม,LA01 ,ต.เวียงชัย อ.เวียงชัย ,ครั้งที่ 4 ,54
โครเมียม,SU01 ,ต.แม่สรวย อ.แม่สรวย  ,ครั้งที่ 4 ,43
โครเมียม,SA01 ,บ้านหัวฝาย ต.แม่สาย อ.แม่สาย  ,ครั้งที่ 4 ,50
โครเมียม,SA02 ,สะพานมิตรภาพแม่น้ำสายแห่งที่ 2  ,ครั้งที่ 4 ,55
โครเมียม,SA03 ,บ้านป่าซางงาม ม.6  ,ครั้งที่ 4 ,81
โครเมียม,RU01 ,สถานีสูบน้ำเกาะช้าง  การประปาส่วนภูมิภาค  ,ครั้งที่ 4 ,49
โครเมียม,RU02 ,ต.เวียง อ.เชียงแสน ,ครั้งที่ 4 ,61
โครเมียม,NK01 ,จุดผ่านแดนสามเหลี่ยมทองคำ  ,ครั้งที่ 4 ,42
โครเมียม,NK02 ,ต.เวียง อ.เชียงแสน ,ครั้งที่ 4 ,31
โครเมียม,NK03 ,บ้านสบกก ต.บ้านแซว อ.เชียงแสน  ,ครั้งที่ 4 ,38
สารหนู,KK01 ,ชายแดนไทย - พม่า ,ครั้งที่ 5 ,17
สารหนู,KK02 ,สะพานมติ รภาพแม่นาวาง-ท่าตอน  ,ครั้งที่ 5 ,15
สารหนู,KK03 ,สะพานสองดินแดนบ้านแม่สลัก  ,ครั้งที่ 5 ,17
สารหนู,FA01 ,ต.มะลิกา อ.แม่อาย ,ครั้งที่ 5 ,21
สารหนู,KK04 ,บ้านจะเด้อ หมู่ 6 ,ครั้งที่ 5 ,15
สารหนู,KK05 ,สะพานมิตรภาพแม่ยาว-ดอยฮาง  ,ครั้งที่ 5 ,14
สารหนู,KK06 ,บ้านโป่งนาคำ  ,ครั้งที่ 5 ,14
สารหนู,KK07 ,สะพานข้ามแม่น้ำกก  ,ครั้งที่ 5 ,18
สารหนู,KK08 ,สะพานแม่ฟ้าหลวง  ,ครั้งที่ 5 ,16
สารหนู,KK09 ,สะพานเฉลิมพระเกียรติ1  ,ครั้งที่ 5 ,16
สารหนู,KK10 ,ฝายเชียงราย ,ครั้งที่ 5 ,30
สารหนู,KK11 ,สะพานริมกก-เวียงเหนือรวมใจ  ,ครั้งที่ 5 ,14
สารหนู,KK12 ,สะพานโยนกนาคนคร  ,ครั้งที่ 5 ,23
สารหนู,KK13 ,ต.ท่าข้าวเปลือก อ.แม่จัน ,ครั้งที่ 5 ,14
สารหนู,KK14 ,ต.หนองป่าก่อ อ.ดอยหลวง  ,ครั้งที่ 5 ,25
สารหนู,KK15 ,ต.บ้านแซว อ.เชียงแสน  ,ครั้งที่ 5 ,27
สารหนู,KO01 ,ต.ท่าสาย อ.เมือง จ.เชียงราย ,ครั้งที่ 5 ,32
สารหนู,LA01 ,ต.เวียงชัย อ.เวียงชัย ,ครั้งที่ 5 ,14
สารหนู,SU01 ,ต.แม่สรวย อ.แม่สรวย  ,ครั้งที่ 5 ,11
สารหนู,SA01 ,บ้านหัวฝาย ต.แม่สาย อ.แม่สาย  ,ครั้งที่ 5 ,33
สารหนู,SA02 ,สะพานมิตรภาพแม่น้ำสายแห่งที่ 2  ,ครั้งที่ 5 ,34
สารหนู,SA03 ,บ้านป่าซางงาม ม.6  ,ครั้งที่ 5 ,40
สารหนู,RU01 ,สถานีสูบน้ำเกาะช้าง  การประปาส่วนภูมิภาค  ,ครั้งที่ 5 ,33
สารหนู,RU02 ,ต.เวียง อ.เชียงแสน ,ครั้งที่ 5 ,43
สารหนู,NK01 ,จุดผ่านแดนสามเหลี่ยมทองคำ  ,ครั้งที่ 5 ,89
สารหนู,NK02 ,ต.เวียง อ.เชียงแสน ,ครั้งที่ 5 ,77
สารหนู,NK03 ,บ้านสบกก ต.บ้านแซว อ.เชียงแสน  ,ครั้งที่ 5 ,53
แคดเมียม,KK01 ,ชายแดนไทย - พม่า ,ครั้งที่ 5 ,<0.10 
แคดเมียม,KK02 ,สะพานมติ รภาพแม่นาวาง-ท่าตอน  ,ครั้งที่ 5 ,<0.10 
แคดเมียม,KK03 ,สะพานสองดินแดนบ้านแม่สลัก  ,ครั้งที่ 5 ,<0.10 
แคดเมียม,FA01 ,ต.มะลิกา อ.แม่อาย ,ครั้งที่ 5 ,0.13
แคดเมียม,KK04 ,บ้านจะเด้อ หมู่ 6 ,ครั้งที่ 5 ,<0.10 
แคดเมียม,KK05 ,สะพานมิตรภาพแม่ยาว-ดอยฮาง  ,ครั้งที่ 5 ,<0.10 
แคดเมียม,KK06 ,บ้านโป่งนาคำ  ,ครั้งที่ 5 ,<0.10 
แคดเมียม,KK07 ,สะพานข้ามแม่น้ำกก  ,ครั้งที่ 5 ,0.15
แคดเมียม,KK08 ,สะพานแม่ฟ้าหลวง  ,ครั้งที่ 5 ,<0.10 
แคดเมียม,KK09 ,สะพานเฉลิมพระเกียรติ1  ,ครั้งที่ 5 ,<0.10 
แคดเมียม,KK10 ,ฝายเชียงราย ,ครั้งที่ 5 ,0.24
แคดเมียม,KK11 ,สะพานริมกก-เวียงเหนือรวมใจ  ,ครั้งที่ 5 ,<0.10 
แคดเมียม,KK12 ,สะพานโยนกนาคนคร  ,ครั้งที่ 5 ,0.18
แคดเมียม,KK13 ,ต.ท่าข้าวเปลือก อ.แม่จัน ,ครั้งที่ 5 ,<0.10 
แคดเมียม,KK14 ,ต.หนองป่าก่อ อ.ดอยหลวง  ,ครั้งที่ 5 ,0.2
แคดเมียม,KK15 ,ต.บ้านแซว อ.เชียงแสน  ,ครั้งที่ 5 ,0.22
แคดเมียม,KO01 ,ต.ท่าสาย อ.เมือง จ.เชียงราย ,ครั้งที่ 5 ,0.37
แคดเมียม,LA01 ,ต.เวียงชัย อ.เวียงชัย ,ครั้งที่ 5 ,0.17
แคดเมียม,SU01 ,ต.แม่สรวย อ.แม่สรวย  ,ครั้งที่ 5 ,0.25
แคดเมียม,SA01 ,บ้านหัวฝาย ต.แม่สาย อ.แม่สาย  ,ครั้งที่ 5 ,<0.10 
แคดเมียม,SA02 ,สะพานมิตรภาพแม่น้ำสายแห่งที่ 2  ,ครั้งที่ 5 ,<0.10 
แคดเมียม,SA03 ,บ้านป่าซางงาม ม.6  ,ครั้งที่ 5 ,<0.10 
แคดเมียม,RU01 ,สถานีสูบน้ำเกาะช้าง  การประปาส่วนภูมิภาค  ,ครั้งที่ 5 ,0.16
แคดเมียม,RU02 ,ต.เวียง อ.เชียงแสน ,ครั้งที่ 5 ,0.3
แคดเมียม,NK01 ,จุดผ่านแดนสามเหลี่ยมทองคำ  ,ครั้งที่ 5 ,0.28
แคดเมียม,NK02 ,ต.เวียง อ.เชียงแสน ,ครั้งที่ 5 ,0.27
แคดเมียม,NK03 ,บ้านสบกก ต.บ้านแซว อ.เชียงแสน  ,ครั้งที่ 5 ,0.24
แมงกานีส,KK01 ,ชายแดนไทย - พม่า ,ครั้งที่ 5 ,250
แมงกานีส,KK02 ,สะพานมติ รภาพแม่นาวาง-ท่าตอน  ,ครั้งที่ 5 ,248
แมงกานีส,KK03 ,สะพานสองดินแดนบ้านแม่สลัก  ,ครั้งที่ 5 ,214
แมงกานีส,FA01 ,ต.มะลิกา อ.แม่อาย ,ครั้งที่ 5 ,540
แมงกานีส,KK04 ,บ้านจะเด้อ หมู่ 6 ,ครั้งที่ 5 ,243
แมงกานีส,KK05 ,สะพานมิตรภาพแม่ยาว-ดอยฮาง  ,ครั้งที่ 5 ,159
แมงกานีส,KK06 ,บ้านโป่งนาคำ  ,ครั้งที่ 5 ,192
แมงกานีส,KK07 ,สะพานข้ามแม่น้ำกก  ,ครั้งที่ 5 ,298
แมงกานีส,KK08 ,สะพานแม่ฟ้าหลวง  ,ครั้งที่ 5 ,266
แมงกานีส,KK09 ,สะพานเฉลิมพระเกียรติ1  ,ครั้งที่ 5 ,273
แมงกานีส,KK10 ,ฝายเชียงราย ,ครั้งที่ 5 ,881
แมงกานีส,KK11 ,สะพานริมกก-เวียงเหนือรวมใจ  ,ครั้งที่ 5 ,231
แมงกานีส,KK12 ,สะพานโยนกนาคนคร  ,ครั้งที่ 5 ,493
แมงกานีส,KK13 ,ต.ท่าข้าวเปลือก อ.แม่จัน ,ครั้งที่ 5 ,266
แมงกานีส,KK14 ,ต.หนองป่าก่อ อ.ดอยหลวง  ,ครั้งที่ 5 ,573
แมงกานีส,KK15 ,ต.บ้านแซว อ.เชียงแสน  ,ครั้งที่ 5 ,731
แมงกานีส,KO01 ,ต.ท่าสาย อ.เมือง จ.เชียงราย ,ครั้งที่ 5 ,2654
แมงกานีส,LA01 ,ต.เวียงชัย อ.เวียงชัย ,ครั้งที่ 5 ,576
แมงกานีส,SU01 ,ต.แม่สรวย อ.แม่สรวย  ,ครั้งที่ 5 ,406
แมงกานีส,SA01 ,บ้านหัวฝาย ต.แม่สาย อ.แม่สาย  ,ครั้งที่ 5 ,196
แมงกานีส,SA02 ,สะพานมิตรภาพแม่น้ำสายแห่งที่ 2  ,ครั้งที่ 5 ,219
แมงกานีส,SA03 ,บ้านป่าซางงาม ม.6  ,ครั้งที่ 5 ,217
แมงกานีส,RU01 ,สถานีสูบน้ำเกาะช้าง  การประปาส่วนภูมิภาค  ,ครั้งที่ 5 ,390
แมงกานีส,RU02 ,ต.เวียง อ.เชียงแสน ,ครั้งที่ 5 ,922
แมงกานีส,NK01 ,จุดผ่านแดนสามเหลี่ยมทองคำ  ,ครั้งที่ 5 ,1047
แมงกานีส,NK02 ,ต.เวียง อ.เชียงแสน ,ครั้งที่ 5 ,926
แมงกานีส,NK03 ,บ้านสบกก ต.บ้านแซว อ.เชียงแสน  ,ครั้งที่ 5 ,820
นิกเกิล,KK01 ,ชายแดนไทย - พม่า ,ครั้งที่ 5 ,15
นิกเกิล,KK02 ,สะพานมติ รภาพแม่นาวาง-ท่าตอน  ,ครั้งที่ 5 ,15
นิกเกิล,KK03 ,สะพานสองดินแดนบ้านแม่สลัก  ,ครั้งที่ 5 ,12
นิกเกิล,FA01 ,ต.มะลิกา อ.แม่อาย ,ครั้งที่ 5 ,21
นิกเกิล,KK04 ,บ้านจะเด้อ หมู่ 6 ,ครั้งที่ 5 ,15
นิกเกิล,KK05 ,สะพานมิตรภาพแม่ยาว-ดอยฮาง  ,ครั้งที่ 5 ,<10 
นิกเกิล,KK06 ,บ้านโป่งนาคำ  ,ครั้งที่ 5 ,12
นิกเกิล,KK07 ,สะพานข้ามแม่น้ำกก  ,ครั้งที่ 5 ,17
นิกเกิล,KK08 ,สะพานแม่ฟ้าหลวง  ,ครั้งที่ 5 ,17
นิกเกิล,KK09 ,สะพานเฉลิมพระเกียรติ1  ,ครั้งที่ 5 ,17
นิกเกิล,KK10 ,ฝายเชียงราย ,ครั้งที่ 5 ,35
นิกเกิล,KK11 ,สะพานริมกก-เวียงเหนือรวมใจ  ,ครั้งที่ 5 ,14
นิกเกิล,KK12 ,สะพานโยนกนาคนคร  ,ครั้งที่ 5 ,25
นิกเกิล,KK13 ,ต.ท่าข้าวเปลือก อ.แม่จัน ,ครั้งที่ 5 ,15
นิกเกิล,KK14 ,ต.หนองป่าก่อ อ.ดอยหลวง  ,ครั้งที่ 5 ,30
นิกเกิล,KK15 ,ต.บ้านแซว อ.เชียงแสน  ,ครั้งที่ 5 ,34
นิกเกิล,KO01 ,ต.ท่าสาย อ.เมือง จ.เชียงราย ,ครั้งที่ 5 ,30
นิกเกิล,LA01 ,ต.เวียงชัย อ.เวียงชัย ,ครั้งที่ 5 ,26
นิกเกิล,SU01 ,ต.แม่สรวย อ.แม่สรวย  ,ครั้งที่ 5 ,21
นิกเกิล,SA01 ,บ้านหัวฝาย ต.แม่สาย อ.แม่สาย  ,ครั้งที่ 5 ,13
นิกเกิล,SA02 ,สะพานมิตรภาพแม่น้ำสายแห่งที่ 2  ,ครั้งที่ 5 ,13
นิกเกิล,SA03 ,บ้านป่าซางงาม ม.6  ,ครั้งที่ 5 ,13
นิกเกิล,RU01 ,สถานีสูบน้ำเกาะช้าง  การประปาส่วนภูมิภาค  ,ครั้งที่ 5 ,20
นิกเกิล,RU02 ,ต.เวียง อ.เชียงแสน ,ครั้งที่ 5 ,35
นิกเกิล,NK01 ,จุดผ่านแดนสามเหลี่ยมทองคำ  ,ครั้งที่ 5 ,20
นิกเกิล,NK02 ,ต.เวียง อ.เชียงแสน ,ครั้งที่ 5 ,18
นิกเกิล,NK03 ,บ้านสบกก ต.บ้านแซว อ.เชียงแสน  ,ครั้งที่ 5 ,26
ตะกั่ว,KK01 ,ชายแดนไทย - พม่า ,ครั้งที่ 5 ,20
ตะกั่ว,KK02 ,สะพานมติ รภาพแม่นาวาง-ท่าตอน  ,ครั้งที่ 5 ,19
ตะกั่ว,KK03 ,สะพานสองดินแดนบ้านแม่สลัก  ,ครั้งที่ 5 ,16
ตะกั่ว,FA01 ,ต.มะลิกา อ.แม่อาย ,ครั้งที่ 5 ,18
ตะกั่ว,KK04 ,บ้านจะเด้อ หมู่ 6 ,ครั้งที่ 5 ,16
ตะกั่ว,KK05 ,สะพานมิตรภาพแม่ยาว-ดอยฮาง  ,ครั้งที่ 5 ,11
ตะกั่ว,KK06 ,บ้านโป่งนาคำ  ,ครั้งที่ 5 ,13
ตะกั่ว,KK07 ,สะพานข้ามแม่น้ำกก  ,ครั้งที่ 5 ,17
ตะกั่ว,KK08 ,สะพานแม่ฟ้าหลวง  ,ครั้งที่ 5 ,16
ตะกั่ว,KK09 ,สะพานเฉลิมพระเกียรติ1  ,ครั้งที่ 5 ,16
ตะกั่ว,KK10 ,ฝายเชียงราย ,ครั้งที่ 5 ,42
ตะกั่ว,KK11 ,สะพานริมกก-เวียงเหนือรวมใจ  ,ครั้งที่ 5 ,14
ตะกั่ว,KK12 ,สะพานโยนกนาคนคร  ,ครั้งที่ 5 ,26
ตะกั่ว,KK13 ,ต.ท่าข้าวเปลือก อ.แม่จัน ,ครั้งที่ 5 ,14
ตะกั่ว,KK14 ,ต.หนองป่าก่อ อ.ดอยหลวง  ,ครั้งที่ 5 ,33
ตะกั่ว,KK15 ,ต.บ้านแซว อ.เชียงแสน  ,ครั้งที่ 5 ,34
ตะกั่ว,KO01 ,ต.ท่าสาย อ.เมือง จ.เชียงราย ,ครั้งที่ 5 ,23
ตะกั่ว,LA01 ,ต.เวียงชัย อ.เวียงชัย ,ครั้งที่ 5 ,14
ตะกั่ว,SU01 ,ต.แม่สรวย อ.แม่สรวย  ,ครั้งที่ 5 ,<10 
ตะกั่ว,SA01 ,บ้านหัวฝาย ต.แม่สาย อ.แม่สาย  ,ครั้งที่ 5 ,25
ตะกั่ว,SA02 ,สะพานมิตรภาพแม่น้ำสายแห่งที่ 2  ,ครั้งที่ 5 ,24
ตะกั่ว,SA03 ,บ้านป่าซางงาม ม.6  ,ครั้งที่ 5 ,29
ตะกั่ว,RU01 ,สถานีสูบน้ำเกาะช้าง  การประปาส่วนภูมิภาค  ,ครั้งที่ 5 ,27
ตะกั่ว,RU02 ,ต.เวียง อ.เชียงแสน ,ครั้งที่ 5 ,40
ตะกั่ว,NK01 ,จุดผ่านแดนสามเหลี่ยมทองคำ  ,ครั้งที่ 5 ,26
ตะกั่ว,NK02 ,ต.เวียง อ.เชียงแสน ,ครั้งที่ 5 ,22
ตะกั่ว,NK03 ,บ้านสบกก ต.บ้านแซว อ.เชียงแสน  ,ครั้งที่ 5 ,29
สังกะสี,KK01 ,ชายแดนไทย - พม่า ,ครั้งที่ 5 ,26
สังกะสี,KK02 ,สะพานมติ รภาพแม่นาวาง-ท่าตอน  ,ครั้งที่ 5 ,27
สังกะสี,KK03 ,สะพานสองดินแดนบ้านแม่สลัก  ,ครั้งที่ 5 ,22
สังกะสี,FA01 ,ต.มะลิกา อ.แม่อาย ,ครั้งที่ 5 ,37
สังกะสี,KK04 ,บ้านจะเด้อ หมู่ 6 ,ครั้งที่ 5 ,29
สังกะสี,KK05 ,สะพานมิตรภาพแม่ยาว-ดอยฮาง  ,ครั้งที่ 5 ,20
สังกะสี,KK06 ,บ้านโป่งนาคำ  ,ครั้งที่ 5 ,23
สังกะสี,KK07 ,สะพานข้ามแม่น้ำกก  ,ครั้งที่ 5 ,33
สังกะสี,KK08 ,สะพานแม่ฟ้าหลวง  ,ครั้งที่ 5 ,31
สังกะสี,KK09 ,สะพานเฉลิมพระเกียรติ1  ,ครั้งที่ 5 ,33
สังกะสี,KK10 ,ฝายเชียงราย ,ครั้งที่ 5 ,62
สังกะสี,KK11 ,สะพานริมกก-เวียงเหนือรวมใจ  ,ครั้งที่ 5 ,26
สังกะสี,KK12 ,สะพานโยนกนาคนคร  ,ครั้งที่ 5 ,47
สังกะสี,KK13 ,ต.ท่าข้าวเปลือก อ.แม่จัน ,ครั้งที่ 5 ,29
สังกะสี,KK14 ,ต.หนองป่าก่อ อ.ดอยหลวง  ,ครั้งที่ 5 ,52
สังกะสี,KK15 ,ต.บ้านแซว อ.เชียงแสน  ,ครั้งที่ 5 ,59
สังกะสี,KO01 ,ต.ท่าสาย อ.เมือง จ.เชียงราย ,ครั้งที่ 5 ,62
สังกะสี,LA01 ,ต.เวียงชัย อ.เวียงชัย ,ครั้งที่ 5 ,40
สังกะสี,SU01 ,ต.แม่สรวย อ.แม่สรวย  ,ครั้งที่ 5 ,46
สังกะสี,SA01 ,บ้านหัวฝาย ต.แม่สาย อ.แม่สาย  ,ครั้งที่ 5 ,25
สังกะสี,SA02 ,สะพานมิตรภาพแม่น้ำสายแห่งที่ 2  ,ครั้งที่ 5 ,27
สังกะสี,SA03 ,บ้านป่าซางงาม ม.6  ,ครั้งที่ 5 ,27
สังกะสี,RU01 ,สถานีสูบน้ำเกาะช้าง  การประปาส่วนภูมิภาค  ,ครั้งที่ 5 ,44
สังกะสี,RU02 ,ต.เวียง อ.เชียงแสน ,ครั้งที่ 5 ,78
สังกะสี,NK01 ,จุดผ่านแดนสามเหลี่ยมทองคำ  ,ครั้งที่ 5 ,61
สังกะสี,NK02 ,ต.เวียง อ.เชียงแสน ,ครั้งที่ 5 ,57
สังกะสี,NK03 ,บ้านสบกก ต.บ้านแซว อ.เชียงแสน  ,ครั้งที่ 5 ,58
ทองแดง,KK01 ,ชายแดนไทย - พม่า ,ครั้งที่ 5 ,11
ทองแดง,KK02 ,สะพานมติ รภาพแม่นาวาง-ท่าตอน  ,ครั้งที่ 5 ,11
ทองแดง,KK03 ,สะพานสองดินแดนบ้านแม่สลัก  ,ครั้งที่ 5 ,<10 
ทองแดง,FA01 ,ต.มะลิกา อ.แม่อาย ,ครั้งที่ 5 ,13
ทองแดง,KK04 ,บ้านจะเด้อ หมู่ 6 ,ครั้งที่ 5 ,12
ทองแดง,KK05 ,สะพานมิตรภาพแม่ยาว-ดอยฮาง  ,ครั้งที่ 5 ,<10 
ทองแดง,KK06 ,บ้านโป่งนาคำ  ,ครั้งที่ 5 ,<10 
ทองแดง,KK07 ,สะพานข้ามแม่น้ำกก  ,ครั้งที่ 5 ,16
ทองแดง,KK08 ,สะพานแม่ฟ้าหลวง  ,ครั้งที่ 5 ,13
ทองแดง,KK09 ,สะพานเฉลิมพระเกียรติ1  ,ครั้งที่ 5 ,13
ทองแดง,KK10 ,ฝายเชียงราย ,ครั้งที่ 5 ,28
ทองแดง,KK11 ,สะพานริมกก-เวียงเหนือรวมใจ  ,ครั้งที่ 5 ,11
ทองแดง,KK12 ,สะพานโยนกนาคนคร  ,ครั้งที่ 5 ,20
ทองแดง,KK13 ,ต.ท่าข้าวเปลือก อ.แม่จัน ,ครั้งที่ 5 ,11
ทองแดง,KK14 ,ต.หนองป่าก่อ อ.ดอยหลวง  ,ครั้งที่ 5 ,23
ทองแดง,KK15 ,ต.บ้านแซว อ.เชียงแสน  ,ครั้งที่ 5 ,26
ทองแดง,KO01 ,ต.ท่าสาย อ.เมือง จ.เชียงราย ,ครั้งที่ 5 ,31
ทองแดง,LA01 ,ต.เวียงชัย อ.เวียงชัย ,ครั้งที่ 5 ,20
ทองแดง,SU01 ,ต.แม่สรวย อ.แม่สรวย  ,ครั้งที่ 5 ,23
ทองแดง,SA01 ,บ้านหัวฝาย ต.แม่สาย อ.แม่สาย  ,ครั้งที่ 5 ,11
ทองแดง,SA02 ,สะพานมิตรภาพแม่น้ำสายแห่งที่ 2  ,ครั้งที่ 5 ,14
ทองแดง,SA03 ,บ้านป่าซางงาม ม.6  ,ครั้งที่ 5 ,13
ทองแดง,RU01 ,สถานีสูบน้ำเกาะช้าง  การประปาส่วนภูมิภาค  ,ครั้งที่ 5 ,20
ทองแดง,RU02 ,ต.เวียง อ.เชียงแสน ,ครั้งที่ 5 ,41
ทองแดง,NK01 ,จุดผ่านแดนสามเหลี่ยมทองคำ  ,ครั้งที่ 5 ,33
ทองแดง,NK02 ,ต.เวียง อ.เชียงแสน ,ครั้งที่ 5 ,32
ทองแดง,NK03 ,บ้านสบกก ต.บ้านแซว อ.เชียงแสน  ,ครั้งที่ 5 ,28
ปรอท,KK01 ,ชายแดนไทย - พม่า ,ครั้งที่ 5 ,<0.05 
ปรอท,KK02 ,สะพานมติ รภาพแม่นาวาง-ท่าตอน  ,ครั้งที่ 5 ,<0.05 
ปรอท,KK03 ,สะพานสองดินแดนบ้านแม่สลัก  ,ครั้งที่ 5 ,<0.05 
ปรอท,FA01 ,ต.มะลิกา อ.แม่อาย ,ครั้งที่ 5 ,<0.05 
ปรอท,KK04 ,บ้านจะเด้อ หมู่ 6 ,ครั้งที่ 5 ,<0.05 
ปรอท,KK05 ,สะพานมิตรภาพแม่ยาว-ดอยฮาง  ,ครั้งที่ 5 ,<0.05 
ปรอท,KK06 ,บ้านโป่งนาคำ  ,ครั้งที่ 5 ,<0.05 
ปรอท,KK07 ,สะพานข้ามแม่น้ำกก  ,ครั้งที่ 5 ,<0.05 
ปรอท,KK08 ,สะพานแม่ฟ้าหลวง  ,ครั้งที่ 5 ,<0.05 
ปรอท,KK09 ,สะพานเฉลิมพระเกียรติ1  ,ครั้งที่ 5 ,<0.05 
ปรอท,KK10 ,ฝายเชียงราย ,ครั้งที่ 5 ,<0.05 
ปรอท,KK11 ,สะพานริมกก-เวียงเหนือรวมใจ  ,ครั้งที่ 5 ,<0.05 
ปรอท,KK12 ,สะพานโยนกนาคนคร  ,ครั้งที่ 5 ,<0.05 
ปรอท,KK13 ,ต.ท่าข้าวเปลือก อ.แม่จัน ,ครั้งที่ 5 ,<0.05 
ปรอท,KK14 ,ต.หนองป่าก่อ อ.ดอยหลวง  ,ครั้งที่ 5 ,<0.05 
ปรอท,KK15 ,ต.บ้านแซว อ.เชียงแสน  ,ครั้งที่ 5 ,<0.05 
ปรอท,KO01 ,ต.ท่าสาย อ.เมือง จ.เชียงราย ,ครั้งที่ 5 ,<0.05 
ปรอท,LA01 ,ต.เวียงชัย อ.เวียงชัย ,ครั้งที่ 5 ,<0.05 
ปรอท,SU01 ,ต.แม่สรวย อ.แม่สรวย  ,ครั้งที่ 5 ,<0.05 
ปรอท,SA01 ,บ้านหัวฝาย ต.แม่สาย อ.แม่สาย  ,ครั้งที่ 5 ,<0.05 
ปรอท,SA02 ,สะพานมิตรภาพแม่น้ำสายแห่งที่ 2  ,ครั้งที่ 5 ,<0.05 
ปรอท,SA03 ,บ้านป่าซางงาม ม.6  ,ครั้งที่ 5 ,<0.05 
ปรอท,RU01 ,สถานีสูบน้ำเกาะช้าง  การประปาส่วนภูมิภาค  ,ครั้งที่ 5 ,<0.05 
ปรอท,RU02 ,ต.เวียง อ.เชียงแสน ,ครั้งที่ 5 ,0.05
ปรอท,NK01 ,จุดผ่านแดนสามเหลี่ยมทองคำ  ,ครั้งที่ 5 ,0.07
ปรอท,NK02 ,ต.เวียง อ.เชียงแสน ,ครั้งที่ 5 ,0.06
ปรอท,NK03 ,บ้านสบกก ต.บ้านแซว อ.เชียงแสน  ,ครั้งที่ 5 ,0.05
โครเมียม,KK01 ,ชายแดนไทย - พม่า ,ครั้งที่ 5 ,34
โครเมียม,KK02 ,สะพานมติ รภาพแม่นาวาง-ท่าตอน  ,ครั้งที่ 5 ,33
โครเมียม,KK03 ,สะพานสองดินแดนบ้านแม่สลัก  ,ครั้งที่ 5 ,26
โครเมียม,FA01 ,ต.มะลิกา อ.แม่อาย ,ครั้งที่ 5 ,39
โครเมียม,KK04 ,บ้านจะเด้อ หมู่ 6 ,ครั้งที่ 5 ,34
โครเมียม,KK05 ,สะพานมิตรภาพแม่ยาว-ดอยฮาง  ,ครั้งที่ 5 ,22
โครเมียม,KK06 ,บ้านโป่งนาคำ  ,ครั้งที่ 5 ,27
โครเมียม,KK07 ,สะพานข้ามแม่น้ำกก  ,ครั้งที่ 5 ,39
โครเมียม,KK08 ,สะพานแม่ฟ้าหลวง  ,ครั้งที่ 5 ,38
โครเมียม,KK09 ,สะพานเฉลิมพระเกียรติ1  ,ครั้งที่ 5 ,39
โครเมียม,KK10 ,ฝายเชียงราย ,ครั้งที่ 5 ,68
โครเมียม,KK11 ,สะพานริมกก-เวียงเหนือรวมใจ  ,ครั้งที่ 5 ,31
โครเมียม,KK12 ,สะพานโยนกนาคนคร  ,ครั้งที่ 5 ,53
โครเมียม,KK13 ,ต.ท่าข้าวเปลือก อ.แม่จัน ,ครั้งที่ 5 ,33
โครเมียม,KK14 ,ต.หนองป่าก่อ อ.ดอยหลวง  ,ครั้งที่ 5 ,61
โครเมียม,KK15 ,ต.บ้านแซว อ.เชียงแสน  ,ครั้งที่ 5 ,68
โครเมียม,KO01 ,ต.ท่าสาย อ.เมือง จ.เชียงราย ,ครั้งที่ 5 ,52
โครเมียม,LA01 ,ต.เวียงชัย อ.เวียงชัย ,ครั้งที่ 5 ,47
โครเมียม,SU01 ,ต.แม่สรวย อ.แม่สรวย  ,ครั้งที่ 5 ,39
โครเมียม,SA01 ,บ้านหัวฝาย ต.แม่สาย อ.แม่สาย  ,ครั้งที่ 5 ,34
โครเมียม,SA02 ,สะพานมิตรภาพแม่น้ำสายแห่งที่ 2  ,ครั้งที่ 5 ,36
โครเมียม,SA03 ,บ้านป่าซางงาม ม.6  ,ครั้งที่ 5 ,35
โครเมียม,RU01 ,สถานีสูบน้ำเกาะช้าง  การประปาส่วนภูมิภาค  ,ครั้งที่ 5 ,43
โครเมียม,RU02 ,ต.เวียง อ.เชียงแสน ,ครั้งที่ 5 ,65
โครเมียม,NK01 ,จุดผ่านแดนสามเหลี่ยมทองคำ  ,ครั้งที่ 5 ,89
โครเมียม,NK02 ,ต.เวียง อ.เชียงแสน ,ครั้งที่ 5 ,77
โครเมียม,NK03 ,บ้านสบกก ต.บ้านแซว อ.เชียงแสน  ,ครั้งที่ 5 ,53
สารหนู,KK01 ,ชายแดนไทย - พม่า ,ครั้งที่ 6 ,6.2
สารหนู,KK02 ,สะพานมติ รภาพแม่นาวาง-ท่าตอน  ,ครั้งที่ 6 ,6.2
สารหนู,KK03 ,สะพานสองดินแดนบ้านแม่สลัก  ,ครั้งที่ 6 ,5.9
สารหนู,FA01 ,ต.มะลิกา อ.แม่อาย ,ครั้งที่ 6 ,14
สารหนู,KK04 ,บ้านจะเด้อ หมู่ 6 ,ครั้งที่ 6 ,11
สารหนู,KK05 ,สะพานมิตรภาพแม่ยาว-ดอยฮาง  ,ครั้งที่ 6 ,9.2
สารหนู,KK06 ,บ้านโป่งนาคำ  ,ครั้งที่ 6 ,8.1
สารหนู,KK07 ,สะพานข้ามแม่น้ำกก  ,ครั้งที่ 6 ,8
สารหนู,KK08 ,สะพานแม่ฟ้าหลวง  ,ครั้งที่ 6 ,8.5
สารหนู,KK09 ,สะพานเฉลิมพระเกียรติ1  ,ครั้งที่ 6 ,5.2
สารหนู,KK10 ,ฝายเชียงราย ,ครั้งที่ 6 ,14
สารหนู,KK11 ,สะพานริมกก-เวียงเหนือรวมใจ  ,ครั้งที่ 6 ,10
สารหนู,KK12 ,สะพานโยนกนาคนคร  ,ครั้งที่ 6 ,11
สารหนู,KK13 ,ต.ท่าข้าวเปลือก อ.แม่จัน ,ครั้งที่ 6 ,9.2
สารหนู,KK14 ,ต.หนองป่าก่อ อ.ดอยหลวง  ,ครั้งที่ 6 ,9.9
สารหนู,KK15 ,ต.บ้านแซว อ.เชียงแสน  ,ครั้งที่ 6 ,8
สารหนู,KO01 ,ต.ท่าสาย อ.เมือง จ.เชียงราย ,ครั้งที่ 6 ,- 
สารหนู,LA01 ,ต.เวียงชัย อ.เวียงชัย ,ครั้งที่ 6 ,<5.0 
สารหนู,SU01 ,ต.แม่สรวย อ.แม่สรวย  ,ครั้งที่ 6 ,7.3
สารหนู,SA01 ,บ้านหัวฝาย ต.แม่สาย อ.แม่สาย  ,ครั้งที่ 6 ,15
สารหนู,SA02 ,สะพานมิตรภาพแม่น้ำสายแห่งที่ 2  ,ครั้งที่ 6 ,9.4
สารหนู,SA03 ,บ้านป่าซางงาม ม.6  ,ครั้งที่ 6 ,17
สารหนู,RU01 ,สถานีสูบน้ำเกาะช้าง  การประปาส่วนภูมิภาค  ,ครั้งที่ 6 ,19
สารหนู,RU02 ,ต.เวียง อ.เชียงแสน ,ครั้งที่ 6 ,34
สารหนู,NK01 ,จุดผ่านแดนสามเหลี่ยมทองคำ  ,ครั้งที่ 6 ,51
สารหนู,NK02 ,ต.เวียง อ.เชียงแสน ,ครั้งที่ 6 ,59
สารหนู,NK03 ,บ้านสบกก ต.บ้านแซว อ.เชียงแสน  ,ครั้งที่ 6 ,38
แคดเมียม,KK01 ,ชายแดนไทย - พม่า ,ครั้งที่ 6 ,<0.10 
แคดเมียม,KK02 ,สะพานมติ รภาพแม่นาวาง-ท่าตอน  ,ครั้งที่ 6 ,<0.10 
แคดเมียม,KK03 ,สะพานสองดินแดนบ้านแม่สลัก  ,ครั้งที่ 6 ,<0.10 
แคดเมียม,FA01 ,ต.มะลิกา อ.แม่อาย ,ครั้งที่ 6 ,<0.10 
แคดเมียม,KK04 ,บ้านจะเด้อ หมู่ 6 ,ครั้งที่ 6 ,<0.10 
แคดเมียม,KK05 ,สะพานมิตรภาพแม่ยาว-ดอยฮาง  ,ครั้งที่ 6 ,<0.10 
แคดเมียม,KK06 ,บ้านโป่งนาคำ  ,ครั้งที่ 6 ,<0.10 
แคดเมียม,KK07 ,สะพานข้ามแม่น้ำกก  ,ครั้งที่ 6 ,<0.10 
แคดเมียม,KK08 ,สะพานแม่ฟ้าหลวง  ,ครั้งที่ 6 ,<0.10 
แคดเมียม,KK09 ,สะพานเฉลิมพระเกียรติ1  ,ครั้งที่ 6 ,<0.10 
แคดเมียม,KK10 ,ฝายเชียงราย ,ครั้งที่ 6 ,<0.10 
แคดเมียม,KK11 ,สะพานริมกก-เวียงเหนือรวมใจ  ,ครั้งที่ 6 ,<0.10 
แคดเมียม,KK12 ,สะพานโยนกนาคนคร  ,ครั้งที่ 6 ,<0.10 
แคดเมียม,KK13 ,ต.ท่าข้าวเปลือก อ.แม่จัน ,ครั้งที่ 6 ,<0.10 
แคดเมียม,KK14 ,ต.หนองป่าก่อ อ.ดอยหลวง  ,ครั้งที่ 6 ,<0.10 
แคดเมียม,KK15 ,ต.บ้านแซว อ.เชียงแสน  ,ครั้งที่ 6 ,<0.10 
แคดเมียม,KO01 ,ต.ท่าสาย อ.เมือง จ.เชียงราย ,ครั้งที่ 6 ,- 
แคดเมียม,LA01 ,ต.เวียงชัย อ.เวียงชัย ,ครั้งที่ 6 ,<0.10 
แคดเมียม,SU01 ,ต.แม่สรวย อ.แม่สรวย  ,ครั้งที่ 6 ,<0.10 
แคดเมียม,SA01 ,บ้านหัวฝาย ต.แม่สาย อ.แม่สาย  ,ครั้งที่ 6 ,<0.10 
แคดเมียม,SA02 ,สะพานมิตรภาพแม่น้ำสายแห่งที่ 2  ,ครั้งที่ 6 ,<0.10 
แคดเมียม,SA03 ,บ้านป่าซางงาม ม.6  ,ครั้งที่ 6 ,0.21
แคดเมียม,RU01 ,สถานีสูบน้ำเกาะช้าง  การประปาส่วนภูมิภาค  ,ครั้งที่ 6 ,<0.10 
แคดเมียม,RU02 ,ต.เวียง อ.เชียงแสน ,ครั้งที่ 6 ,0.21
แคดเมียม,NK01 ,จุดผ่านแดนสามเหลี่ยมทองคำ  ,ครั้งที่ 6 ,0.11
แคดเมียม,NK02 ,ต.เวียง อ.เชียงแสน ,ครั้งที่ 6 ,0.12
แคดเมียม,NK03 ,บ้านสบกก ต.บ้านแซว อ.เชียงแสน  ,ครั้งที่ 6 ,<0.10 
แมงกานีส,KK01 ,ชายแดนไทย - พม่า ,ครั้งที่ 6 ,234
แมงกานีส,KK02 ,สะพานมติ รภาพแม่นาวาง-ท่าตอน  ,ครั้งที่ 6 ,235
แมงกานีส,KK03 ,สะพานสองดินแดนบ้านแม่สลัก  ,ครั้งที่ 6 ,222
แมงกานีส,FA01 ,ต.มะลิกา อ.แม่อาย ,ครั้งที่ 6 ,374
แมงกานีส,KK04 ,บ้านจะเด้อ หมู่ 6 ,ครั้งที่ 6 ,413
แมงกานีส,KK05 ,สะพานมิตรภาพแม่ยาว-ดอยฮาง  ,ครั้งที่ 6 ,313
แมงกานีส,KK06 ,บ้านโป่งนาคำ  ,ครั้งที่ 6 ,243
แมงกานีส,KK07 ,สะพานข้ามแม่น้ำกก  ,ครั้งที่ 6 ,258
แมงกานีส,KK08 ,สะพานแม่ฟ้าหลวง  ,ครั้งที่ 6 ,266
แมงกานีส,KK09 ,สะพานเฉลิมพระเกียรติ1  ,ครั้งที่ 6 ,154
แมงกานีส,KK10 ,ฝายเชียงราย ,ครั้งที่ 6 ,353
แมงกานีส,KK11 ,สะพานริมกก-เวียงเหนือรวมใจ  ,ครั้งที่ 6 ,303
แมงกานีส,KK12 ,สะพานโยนกนาคนคร  ,ครั้งที่ 6 ,342
แมงกานีส,KK13 ,ต.ท่าข้าวเปลือก อ.แม่จัน ,ครั้งที่ 6 ,311
แมงกานีส,KK14 ,ต.หนองป่าก่อ อ.ดอยหลวง  ,ครั้งที่ 6 ,388
แมงกานีส,KK15 ,ต.บ้านแซว อ.เชียงแสน  ,ครั้งที่ 6 ,367
แมงกานีส,KO01 ,ต.ท่าสาย อ.เมือง จ.เชียงราย ,ครั้งที่ 6 ,- 
แมงกานีส,LA01 ,ต.เวียงชัย อ.เวียงชัย ,ครั้งที่ 6 ,223
แมงกานีส,SU01 ,ต.แม่สรวย อ.แม่สรวย  ,ครั้งที่ 6 ,198
แมงกานีส,SA01 ,บ้านหัวฝาย ต.แม่สาย อ.แม่สาย  ,ครั้งที่ 6 ,280
แมงกานีส,SA02 ,สะพานมิตรภาพแม่น้ำสายแห่งที่ 2  ,ครั้งที่ 6 ,227
แมงกานีส,SA03 ,บ้านป่าซางงาม ม.6  ,ครั้งที่ 6 ,532
แมงกานีส,RU01 ,สถานีสูบน้ำเกาะช้าง  การประปาส่วนภูมิภาค  ,ครั้งที่ 6 ,306
แมงกานีส,RU02 ,ต.เวียง อ.เชียงแสน ,ครั้งที่ 6 ,1025
แมงกานีส,NK01 ,จุดผ่านแดนสามเหลี่ยมทองคำ  ,ครั้งที่ 6 ,737
แมงกานีส,NK02 ,ต.เวียง อ.เชียงแสน ,ครั้งที่ 6 ,913
แมงกานีส,NK03 ,บ้านสบกก ต.บ้านแซว อ.เชียงแสน  ,ครั้งที่ 6 ,609
นิกเกิล,KK01 ,ชายแดนไทย - พม่า ,ครั้งที่ 6 ,14
นิกเกิล,KK02 ,สะพานมติ รภาพแม่นาวาง-ท่าตอน  ,ครั้งที่ 6 ,13
นิกเกิล,KK03 ,สะพานสองดินแดนบ้านแม่สลัก  ,ครั้งที่ 6 ,12
นิกเกิล,FA01 ,ต.มะลิกา อ.แม่อาย ,ครั้งที่ 6 ,14
นิกเกิล,KK04 ,บ้านจะเด้อ หมู่ 6 ,ครั้งที่ 6 ,24
นิกเกิล,KK05 ,สะพานมิตรภาพแม่ยาว-ดอยฮาง  ,ครั้งที่ 6 ,19
นิกเกิล,KK06 ,บ้านโป่งนาคำ  ,ครั้งที่ 6 ,16
นิกเกิล,KK07 ,สะพานข้ามแม่น้ำกก  ,ครั้งที่ 6 ,16
นิกเกิล,KK08 ,สะพานแม่ฟ้าหลวง  ,ครั้งที่ 6 ,17
นิกเกิล,KK09 ,สะพานเฉลิมพระเกียรติ1  ,ครั้งที่ 6 ,<10 
นิกเกิล,KK10 ,ฝายเชียงราย ,ครั้งที่ 6 ,30
นิกเกิล,KK11 ,สะพานริมกก-เวียงเหนือรวมใจ  ,ครั้งที่ 6 ,21
นิกเกิล,KK12 ,สะพานโยนกนาคนคร  ,ครั้งที่ 6 ,21
นิกเกิล,KK13 ,ต.ท่าข้าวเปลือก อ.แม่จัน ,ครั้งที่ 6 ,18
นิกเกิล,KK14 ,ต.หนองป่าก่อ อ.ดอยหลวง  ,ครั้งที่ 6 ,19
นิกเกิล,KK15 ,ต.บ้านแซว อ.เชียงแสน  ,ครั้งที่ 6 ,15
นิกเกิล,KO01 ,ต.ท่าสาย อ.เมือง จ.เชียงราย ,ครั้งที่ 6 ,- 
นิกเกิล,LA01 ,ต.เวียงชัย อ.เวียงชัย ,ครั้งที่ 6 ,<10 
นิกเกิล,SU01 ,ต.แม่สรวย อ.แม่สรวย  ,ครั้งที่ 6 ,17
นิกเกิล,SA01 ,บ้านหัวฝาย ต.แม่สาย อ.แม่สาย  ,ครั้งที่ 6 ,17
นิกเกิล,SA02 ,สะพานมิตรภาพแม่น้ำสายแห่งที่ 2  ,ครั้งที่ 6 ,12
นิกเกิล,SA03 ,บ้านป่าซางงาม ม.6  ,ครั้งที่ 6 ,53
นิกเกิล,RU01 ,สถานีสูบน้ำเกาะช้าง  การประปาส่วนภูมิภาค  ,ครั้งที่ 6 ,16
นิกเกิล,RU02 ,ต.เวียง อ.เชียงแสน ,ครั้งที่ 6 ,31
นิกเกิล,NK01 ,จุดผ่านแดนสามเหลี่ยมทองคำ  ,ครั้งที่ 6 ,19
นิกเกิล,NK02 ,ต.เวียง อ.เชียงแสน ,ครั้งที่ 6 ,19
นิกเกิล,NK03 ,บ้านสบกก ต.บ้านแซว อ.เชียงแสน  ,ครั้งที่ 6 ,19
ตะกั่ว,KK01 ,ชายแดนไทย - พม่า ,ครั้งที่ 6 ,12
ตะกั่ว,KK02 ,สะพานมติ รภาพแม่นาวาง-ท่าตอน  ,ครั้งที่ 6 ,13
ตะกั่ว,KK03 ,สะพานสองดินแดนบ้านแม่สลัก  ,ครั้งที่ 6 ,11
ตะกั่ว,FA01 ,ต.มะลิกา อ.แม่อาย ,ครั้งที่ 6 ,12
ตะกั่ว,KK04 ,บ้านจะเด้อ หมู่ 6 ,ครั้งที่ 6 ,28
ตะกั่ว,KK05 ,สะพานมิตรภาพแม่ยาว-ดอยฮาง  ,ครั้งที่ 6 ,16
ตะกั่ว,KK06 ,บ้านโป่งนาคำ  ,ครั้งที่ 6 ,14
ตะกั่ว,KK07 ,สะพานข้ามแม่น้ำกก  ,ครั้งที่ 6 ,14
ตะกั่ว,KK08 ,สะพานแม่ฟ้าหลวง  ,ครั้งที่ 6 ,14
ตะกั่ว,KK09 ,สะพานเฉลิมพระเกียรติ1  ,ครั้งที่ 6 ,<10 
ตะกั่ว,KK10 ,ฝายเชียงราย ,ครั้งที่ 6 ,28
ตะกั่ว,KK11 ,สะพานริมกก-เวียงเหนือรวมใจ  ,ครั้งที่ 6 ,20
ตะกั่ว,KK12 ,สะพานโยนกนาคนคร  ,ครั้งที่ 6 ,18
ตะกั่ว,KK13 ,ต.ท่าข้าวเปลือก อ.แม่จัน ,ครั้งที่ 6 ,15
ตะกั่ว,KK14 ,ต.หนองป่าก่อ อ.ดอยหลวง  ,ครั้งที่ 6 ,18
ตะกั่ว,KK15 ,ต.บ้านแซว อ.เชียงแสน  ,ครั้งที่ 6 ,15
ตะกั่ว,KO01 ,ต.ท่าสาย อ.เมือง จ.เชียงราย ,ครั้งที่ 6 ,- 
ตะกั่ว,LA01 ,ต.เวียงชัย อ.เวียงชัย ,ครั้งที่ 6 ,<10 
ตะกั่ว,SU01 ,ต.แม่สรวย อ.แม่สรวย  ,ครั้งที่ 6 ,<10 
ตะกั่ว,SA01 ,บ้านหัวฝาย ต.แม่สาย อ.แม่สาย  ,ครั้งที่ 6 ,15
ตะกั่ว,SA02 ,สะพานมิตรภาพแม่น้ำสายแห่งที่ 2  ,ครั้งที่ 6 ,11
ตะกั่ว,SA03 ,บ้านป่าซางงาม ม.6  ,ครั้งที่ 6 ,36
ตะกั่ว,RU01 ,สถานีสูบน้ำเกาะช้าง  การประปาส่วนภูมิภาค  ,ครั้งที่ 6 ,16
ตะกั่ว,RU02 ,ต.เวียง อ.เชียงแสน ,ครั้งที่ 6 ,35
ตะกั่ว,NK01 ,จุดผ่านแดนสามเหลี่ยมทองคำ  ,ครั้งที่ 6 ,21
ตะกั่ว,NK02 ,ต.เวียง อ.เชียงแสน ,ครั้งที่ 6 ,21
ตะกั่ว,NK03 ,บ้านสบกก ต.บ้านแซว อ.เชียงแสน  ,ครั้งที่ 6 ,20
สังกะสี,KK01 ,ชายแดนไทย - พม่า ,ครั้งที่ 6 ,29
สังกะสี,KK02 ,สะพานมติ รภาพแม่นาวาง-ท่าตอน  ,ครั้งที่ 6 ,26
สังกะสี,KK03 ,สะพานสองดินแดนบ้านแม่สลัก  ,ครั้งที่ 6 ,24
สังกะสี,FA01 ,ต.มะลิกา อ.แม่อาย ,ครั้งที่ 6 ,25
สังกะสี,KK04 ,บ้านจะเด้อ หมู่ 6 ,ครั้งที่ 6 ,46
สังกะสี,KK05 ,สะพานมิตรภาพแม่ยาว-ดอยฮาง  ,ครั้งที่ 6 ,38
สังกะสี,KK06 ,บ้านโป่งนาคำ  ,ครั้งที่ 6 ,32
สังกะสี,KK07 ,สะพานข้ามแม่น้ำกก  ,ครั้งที่ 6 ,33
สังกะสี,KK08 ,สะพานแม่ฟ้าหลวง  ,ครั้งที่ 6 ,35
สังกะสี,KK09 ,สะพานเฉลิมพระเกียรติ1  ,ครั้งที่ 6 ,19
สังกะสี,KK10 ,ฝายเชียงราย ,ครั้งที่ 6 ,50
สังกะสี,KK11 ,สะพานริมกก-เวียงเหนือรวมใจ  ,ครั้งที่ 6 ,39
สังกะสี,KK12 ,สะพานโยนกนาคนคร  ,ครั้งที่ 6 ,42
สังกะสี,KK13 ,ต.ท่าข้าวเปลือก อ.แม่จัน ,ครั้งที่ 6 ,35
สังกะสี,KK14 ,ต.หนองป่าก่อ อ.ดอยหลวง  ,ครั้งที่ 6 ,36
สังกะสี,KK15 ,ต.บ้านแซว อ.เชียงแสน  ,ครั้งที่ 6 ,29
สังกะสี,KO01 ,ต.ท่าสาย อ.เมือง จ.เชียงราย ,ครั้งที่ 6 ,- 
สังกะสี,LA01 ,ต.เวียงชัย อ.เวียงชัย ,ครั้งที่ 6 ,13
สังกะสี,SU01 ,ต.แม่สรวย อ.แม่สรวย  ,ครั้งที่ 6 ,38
สังกะสี,SA01 ,บ้านหัวฝาย ต.แม่สาย อ.แม่สาย  ,ครั้งที่ 6 ,33
สังกะสี,SA02 ,สะพานมิตรภาพแม่น้ำสายแห่งที่ 2  ,ครั้งที่ 6 ,23
สังกะสี,SA03 ,บ้านป่าซางงาม ม.6  ,ครั้งที่ 6 ,86
สังกะสี,RU01 ,สถานีสูบน้ำเกาะช้าง  การประปาส่วนภูมิภาค  ,ครั้งที่ 6 ,35
สังกะสี,RU02 ,ต.เวียง อ.เชียงแสน ,ครั้งที่ 6 ,73
สังกะสี,NK01 ,จุดผ่านแดนสามเหลี่ยมทองคำ  ,ครั้งที่ 6 ,52
สังกะสี,NK02 ,ต.เวียง อ.เชียงแสน ,ครั้งที่ 6 ,57
สังกะสี,NK03 ,บ้านสบกก ต.บ้านแซว อ.เชียงแสน  ,ครั้งที่ 6 ,44
ทองแดง,KK01 ,ชายแดนไทย - พม่า ,ครั้งที่ 6 ,<10 
ทองแดง,KK02 ,สะพานมติ รภาพแม่นาวาง-ท่าตอน  ,ครั้งที่ 6 ,<10 
ทองแดง,KK03 ,สะพานสองดินแดนบ้านแม่สลัก  ,ครั้งที่ 6 ,<10 
ทองแดง,FA01 ,ต.มะลิกา อ.แม่อาย ,ครั้งที่ 6 ,<10 
ทองแดง,KK04 ,บ้านจะเด้อ หมู่ 6 ,ครั้งที่ 6 ,15
ทองแดง,KK05 ,สะพานมิตรภาพแม่ยาว-ดอยฮาง  ,ครั้งที่ 6 ,11
ทองแดง,KK06 ,บ้านโป่งนาคำ  ,ครั้งที่ 6 ,10
ทองแดง,KK07 ,สะพานข้ามแม่น้ำกก  ,ครั้งที่ 6 ,10
ทองแดง,KK08 ,สะพานแม่ฟ้าหลวง  ,ครั้งที่ 6 ,10
ทองแดง,KK09 ,สะพานเฉลิมพระเกียรติ1  ,ครั้งที่ 6 ,<10 
ทองแดง,KK10 ,ฝายเชียงราย ,ครั้งที่ 6 ,<10 
ทองแดง,KK11 ,สะพานริมกก-เวียงเหนือรวมใจ  ,ครั้งที่ 6 ,26
ทองแดง,KK12 ,สะพานโยนกนาคนคร  ,ครั้งที่ 6 ,15
ทองแดง,KK13 ,ต.ท่าข้าวเปลือก อ.แม่จัน ,ครั้งที่ 6 ,11
ทองแดง,KK14 ,ต.หนองป่าก่อ อ.ดอยหลวง  ,ครั้งที่ 6 ,12
ทองแดง,KK15 ,ต.บ้านแซว อ.เชียงแสน  ,ครั้งที่ 6 ,10
ทองแดง,KO01 ,ต.ท่าสาย อ.เมือง จ.เชียงราย ,ครั้งที่ 6 ,- 
ทองแดง,LA01 ,ต.เวียงชัย อ.เวียงชัย ,ครั้งที่ 6 ,<10 
ทองแดง,SU01 ,ต.แม่สรวย อ.แม่สรวย  ,ครั้งที่ 6 ,18
ทองแดง,SA01 ,บ้านหัวฝาย ต.แม่สาย อ.แม่สาย  ,ครั้งที่ 6 ,12
ทองแดง,SA02 ,สะพานมิตรภาพแม่น้ำสายแห่งที่ 2  ,ครั้งที่ 6 ,<10 
ทองแดง,SA03 ,บ้านป่าซางงาม ม.6  ,ครั้งที่ 6 ,49
ทองแดง,RU01 ,สถานีสูบน้ำเกาะช้าง  การประปาส่วนภูมิภาค  ,ครั้งที่ 6 ,14
ทองแดง,RU02 ,ต.เวียง อ.เชียงแสน ,ครั้งที่ 6 ,41
ทองแดง,NK01 ,จุดผ่านแดนสามเหลี่ยมทองคำ  ,ครั้งที่ 6 ,29
ทองแดง,NK02 ,ต.เวียง อ.เชียงแสน ,ครั้งที่ 6 ,28
ทองแดง,NK03 ,บ้านสบกก ต.บ้านแซว อ.เชียงแสน  ,ครั้งที่ 6 ,21
ปรอท,KK01 ,ชายแดนไทย - พม่า ,ครั้งที่ 6 ,<0.05 
ปรอท,KK02 ,สะพานมติ รภาพแม่นาวาง-ท่าตอน  ,ครั้งที่ 6 ,<0.05 
ปรอท,KK03 ,สะพานสองดินแดนบ้านแม่สลัก  ,ครั้งที่ 6 ,<0.05 
ปรอท,FA01 ,ต.มะลิกา อ.แม่อาย ,ครั้งที่ 6 ,<0.05 
ปรอท,KK04 ,บ้านจะเด้อ หมู่ 6 ,ครั้งที่ 6 ,<0.05 
ปรอท,KK05 ,สะพานมิตรภาพแม่ยาว-ดอยฮาง  ,ครั้งที่ 6 ,<0.05 
ปรอท,KK06 ,บ้านโป่งนาคำ  ,ครั้งที่ 6 ,<0.05 
ปรอท,KK07 ,สะพานข้ามแม่น้ำกก  ,ครั้งที่ 6 ,<0.05 
ปรอท,KK08 ,สะพานแม่ฟ้าหลวง  ,ครั้งที่ 6 ,<0.05 
ปรอท,KK09 ,สะพานเฉลิมพระเกียรติ1  ,ครั้งที่ 6 ,<0.05 
ปรอท,KK10 ,ฝายเชียงราย ,ครั้งที่ 6 ,<0.05 
ปรอท,KK11 ,สะพานริมกก-เวียงเหนือรวมใจ  ,ครั้งที่ 6 ,<0.05 
ปรอท,KK12 ,สะพานโยนกนาคนคร  ,ครั้งที่ 6 ,<0.05 
ปรอท,KK13 ,ต.ท่าข้าวเปลือก อ.แม่จัน ,ครั้งที่ 6 ,<0.05 
ปรอท,KK14 ,ต.หนองป่าก่อ อ.ดอยหลวง  ,ครั้งที่ 6 ,<0.05 
ปรอท,KK15 ,ต.บ้านแซว อ.เชียงแสน  ,ครั้งที่ 6 ,<0.05 
ปรอท,KO01 ,ต.ท่าสาย อ.เมือง จ.เชียงราย ,ครั้งที่ 6 ,- 
ปรอท,LA01 ,ต.เวียงชัย อ.เวียงชัย ,ครั้งที่ 6 ,<0.05 
ปรอท,SU01 ,ต.แม่สรวย อ.แม่สรวย  ,ครั้งที่ 6 ,<0.05 
ปรอท,SA01 ,บ้านหัวฝาย ต.แม่สาย อ.แม่สาย  ,ครั้งที่ 6 ,<0.05 
ปรอท,SA02 ,สะพานมิตรภาพแม่น้ำสายแห่งที่ 2  ,ครั้งที่ 6 ,<0.05 
ปรอท,SA03 ,บ้านป่าซางงาม ม.6  ,ครั้งที่ 6 ,<0.05 
ปรอท,RU01 ,สถานีสูบน้ำเกาะช้าง  การประปาส่วนภูมิภาค  ,ครั้งที่ 6 ,<0.05 
ปรอท,RU02 ,ต.เวียง อ.เชียงแสน ,ครั้งที่ 6 ,0.06
ปรอท,NK01 ,จุดผ่านแดนสามเหลี่ยมทองคำ  ,ครั้งที่ 6 ,0.05
ปรอท,NK02 ,ต.เวียง อ.เชียงแสน ,ครั้งที่ 6 ,0.07
ปรอท,NK03 ,บ้านสบกก ต.บ้านแซว อ.เชียงแสน  ,ครั้งที่ 6 ,<0.05 
โครเมียม,KK01 ,ชายแดนไทย - พม่า ,ครั้งที่ 6 ,36
โครเมียม,KK02 ,สะพานมติ รภาพแม่นาวาง-ท่าตอน  ,ครั้งที่ 6 ,32
โครเมียม,KK03 ,สะพานสองดินแดนบ้านแม่สลัก  ,ครั้งที่ 6 ,30
โครเมียม,FA01 ,ต.มะลิกา อ.แม่อาย ,ครั้งที่ 6 ,29
โครเมียม,KK04 ,บ้านจะเด้อ หมู่ 6 ,ครั้งที่ 6 ,51
โครเมียม,KK05 ,สะพานมิตรภาพแม่ยาว-ดอยฮาง  ,ครั้งที่ 6 ,47
โครเมียม,KK06 ,บ้านโป่งนาคำ  ,ครั้งที่ 6 ,39
โครเมียม,KK07 ,สะพานข้ามแม่น้ำกก  ,ครั้งที่ 6 ,40
โครเมียม,KK08 ,สะพานแม่ฟ้าหลวง  ,ครั้งที่ 6 ,42
โครเมียม,KK09 ,สะพานเฉลิมพระเกียรติ1  ,ครั้งที่ 6 ,22
โครเมียม,KK10 ,ฝายเชียงราย ,ครั้งที่ 6 ,59
โครเมียม,KK11 ,สะพานริมกก-เวียงเหนือรวมใจ  ,ครั้งที่ 6 ,47
โครเมียม,KK12 ,สะพานโยนกนาคนคร  ,ครั้งที่ 6 ,50
โครเมียม,KK13 ,ต.ท่าข้าวเปลือก อ.แม่จัน ,ครั้งที่ 6 ,42
โครเมียม,KK14 ,ต.หนองป่าก่อ อ.ดอยหลวง  ,ครั้งที่ 6 ,43
โครเมียม,KK15 ,ต.บ้านแซว อ.เชียงแสน  ,ครั้งที่ 6 ,31
โครเมียม,KO01 ,ต.ท่าสาย อ.เมือง จ.เชียงราย ,ครั้งที่ 6 ,- 
โครเมียม,LA01 ,ต.เวียงชัย อ.เวียงชัย ,ครั้งที่ 6 ,14
โครเมียม,SU01 ,ต.แม่สรวย อ.แม่สรวย  ,ครั้งที่ 6 ,28
โครเมียม,SA01 ,บ้านหัวฝาย ต.แม่สาย อ.แม่สาย  ,ครั้งที่ 6 ,44
โครเมียม,SA02 ,สะพานมิตรภาพแม่น้ำสายแห่งที่ 2  ,ครั้งที่ 6 ,32
โครเมียม,SA03 ,บ้านป่าซางงาม ม.6  ,ครั้งที่ 6 ,95
โครเมียม,RU01 ,สถานีสูบน้ำเกาะช้าง  การประปาส่วนภูมิภาค  ,ครั้งที่ 6 ,40
โครเมียม,RU02 ,ต.เวียง อ.เชียงแสน ,ครั้งที่ 6 ,58
โครเมียม,NK01 ,จุดผ่านแดนสามเหลี่ยมทองคำ  ,ครั้งที่ 6 ,38
โครเมียม,NK02 ,ต.เวียง อ.เชียงแสน ,ครั้งที่ 6 ,35
โครเมียม,NK03 ,บ้านสบกก ต.บ้านแซว อ.เชียงแสน  ,ครั้งที่ 6 ,38
สารหนู,KK01 ,ชายแดนไทย - พม่า ,ครั้งที่ 7 ,12
สารหนู,KK02 ,สะพานมติ รภาพแม่นาวาง-ท่าตอน  ,ครั้งที่ 7 ,9.2
สารหนู,KK03 ,สะพานสองดินแดนบ้านแม่สลัก  ,ครั้งที่ 7 ,10
สารหนู,FA01 ,ต.มะลิกา อ.แม่อาย ,ครั้งที่ 7 ,14
สารหนู,KK04 ,บ้านจะเด้อ หมู่ 6 ,ครั้งที่ 7 ,8.9
สารหนู,KK05 ,สะพานมิตรภาพแม่ยาว-ดอยฮาง  ,ครั้งที่ 7 ,11
สารหนู,KK06 ,บ้านโป่งนาคำ  ,ครั้งที่ 7 ,11
สารหนู,KK07 ,สะพานข้ามแม่น้ำกก  ,ครั้งที่ 7 ,10
สารหนู,KK08 ,สะพานแม่ฟ้าหลวง  ,ครั้งที่ 7 ,9.7
สารหนู,KK09 ,สะพานเฉลิมพระเกียรติ1  ,ครั้งที่ 7 ,9.3
สารหนู,KK10 ,ฝายเชียงราย ,ครั้งที่ 7 ,20
สารหนู,KK11 ,สะพานริมกก-เวียงเหนือรวมใจ  ,ครั้งที่ 7 ,15
สารหนู,KK12 ,สะพานโยนกนาคนคร  ,ครั้งที่ 7 ,14
สารหนู,KK13 ,ต.ท่าข้าวเปลือก อ.แม่จัน ,ครั้งที่ 7 ,15
สารหนู,KK14 ,ต.หนองป่าก่อ อ.ดอยหลวง  ,ครั้งที่ 7 ,14
สารหนู,KK15 ,ต.บ้านแซว อ.เชียงแสน  ,ครั้งที่ 7 ,20
สารหนู,KO01 ,ต.ท่าสาย อ.เมือง จ.เชียงราย ,ครั้งที่ 7 ,14
สารหนู,LA01 ,ต.เวียงชัย อ.เวียงชัย ,ครั้งที่ 7 ,11
สารหนู,SU01 ,ต.แม่สรวย อ.แม่สรวย  ,ครั้งที่ 7 ,7.3
สารหนู,SA01 ,บ้านหัวฝาย ต.แม่สาย อ.แม่สาย  ,ครั้งที่ 7 ,19
สารหนู,SA02 ,สะพานมิตรภาพแม่น้ำสายแห่งที่ 2  ,ครั้งที่ 7 ,10
สารหนู,SA03 ,บ้านป่าซางงาม ม.6  ,ครั้งที่ 7 ,19
สารหนู,RU01 ,สถานีสูบน้ำเกาะช้าง  การประปาส่วนภูมิภาค  ,ครั้งที่ 7 ,18
สารหนู,RU02 ,ต.เวียง อ.เชียงแสน ,ครั้งที่ 7 ,28
สารหนู,NK01 ,จุดผ่านแดนสามเหลี่ยมทองคำ  ,ครั้งที่ 7 ,47
สารหนู,NK02 ,ต.เวียง อ.เชียงแสน ,ครั้งที่ 7 ,60
สารหนู,NK03 ,บ้านสบกก ต.บ้านแซว อ.เชียงแสน  ,ครั้งที่ 7 ,32
แคดเมียม,KK01 ,ชายแดนไทย - พม่า ,ครั้งที่ 7 ,<0.10 
แคดเมียม,KK02 ,สะพานมติ รภาพแม่นาวาง-ท่าตอน  ,ครั้งที่ 7 ,<0.10 
แคดเมียม,KK03 ,สะพานสองดินแดนบ้านแม่สลัก  ,ครั้งที่ 7 ,<0.10 
แคดเมียม,FA01 ,ต.มะลิกา อ.แม่อาย ,ครั้งที่ 7 ,<0.10 
แคดเมียม,KK04 ,บ้านจะเด้อ หมู่ 6 ,ครั้งที่ 7 ,<0.10 
แคดเมียม,KK05 ,สะพานมิตรภาพแม่ยาว-ดอยฮาง  ,ครั้งที่ 7 ,<0.10 
แคดเมียม,KK06 ,บ้านโป่งนาคำ  ,ครั้งที่ 7 ,<0.10 
แคดเมียม,KK07 ,สะพานข้ามแม่น้ำกก  ,ครั้งที่ 7 ,<0.10 
แคดเมียม,KK08 ,สะพานแม่ฟ้าหลวง  ,ครั้งที่ 7 ,<0.10 
แคดเมียม,KK09 ,สะพานเฉลิมพระเกียรติ1  ,ครั้งที่ 7 ,<0.10 
แคดเมียม,KK10 ,ฝายเชียงราย ,ครั้งที่ 7 ,<0.10 
แคดเมียม,KK11 ,สะพานริมกก-เวียงเหนือรวมใจ  ,ครั้งที่ 7 ,<0.10 
แคดเมียม,KK12 ,สะพานโยนกนาคนคร  ,ครั้งที่ 7 ,<0.10 
แคดเมียม,KK13 ,ต.ท่าข้าวเปลือก อ.แม่จัน ,ครั้งที่ 7 ,<0.10 
แคดเมียม,KK14 ,ต.หนองป่าก่อ อ.ดอยหลวง  ,ครั้งที่ 7 ,<0.10 
แคดเมียม,KK15 ,ต.บ้านแซว อ.เชียงแสน  ,ครั้งที่ 7 ,<0.10 
แคดเมียม,KO01 ,ต.ท่าสาย อ.เมือง จ.เชียงราย ,ครั้งที่ 7 ,<0.10 
แคดเมียม,LA01 ,ต.เวียงชัย อ.เวียงชัย ,ครั้งที่ 7 ,<0.10 
แคดเมียม,SU01 ,ต.แม่สรวย อ.แม่สรวย  ,ครั้งที่ 7 ,<0.10 
แคดเมียม,SA01 ,บ้านหัวฝาย ต.แม่สาย อ.แม่สาย  ,ครั้งที่ 7 ,<0.10 
แคดเมียม,SA02 ,สะพานมิตรภาพแม่น้ำสายแห่งที่ 2  ,ครั้งที่ 7 ,<0.10 
แคดเมียม,SA03 ,บ้านป่าซางงาม ม.6  ,ครั้งที่ 7 ,<0.10 
แคดเมียม,RU01 ,สถานีสูบน้ำเกาะช้าง  การประปาส่วนภูมิภาค  ,ครั้งที่ 7 ,<0.10 
แคดเมียม,RU02 ,ต.เวียง อ.เชียงแสน ,ครั้งที่ 7 ,<0.10 
แคดเมียม,NK01 ,จุดผ่านแดนสามเหลี่ยมทองคำ  ,ครั้งที่ 7 ,<0.10 
แคดเมียม,NK02 ,ต.เวียง อ.เชียงแสน ,ครั้งที่ 7 ,<0.10 
แคดเมียม,NK03 ,บ้านสบกก ต.บ้านแซว อ.เชียงแสน  ,ครั้งที่ 7 ,<0.10 
แมงกานีส,KK01 ,ชายแดนไทย - พม่า ,ครั้งที่ 7 ,268
แมงกานีส,KK02 ,สะพานมติ รภาพแม่นาวาง-ท่าตอน  ,ครั้งที่ 7 ,181
แมงกานีส,KK03 ,สะพานสองดินแดนบ้านแม่สลัก  ,ครั้งที่ 7 ,174
แมงกานีส,FA01 ,ต.มะลิกา อ.แม่อาย ,ครั้งที่ 7 ,272
แมงกานีส,KK04 ,บ้านจะเด้อ หมู่ 6 ,ครั้งที่ 7 ,145
แมงกานีส,KK05 ,สะพานมิตรภาพแม่ยาว-ดอยฮาง  ,ครั้งที่ 7 ,211
แมงกานีส,KK06 ,บ้านโป่งนาคำ  ,ครั้งที่ 7 ,187
แมงกานีส,KK07 ,สะพานข้ามแม่น้ำกก  ,ครั้งที่ 7 ,162
แมงกานีส,KK08 ,สะพานแม่ฟ้าหลวง  ,ครั้งที่ 7 ,169
แมงกานีส,KK09 ,สะพานเฉลิมพระเกียรติ1  ,ครั้งที่ 7 ,178
แมงกานีส,KK10 ,ฝายเชียงราย ,ครั้งที่ 7 ,551
แมงกานีส,KK11 ,สะพานริมกก-เวียงเหนือรวมใจ  ,ครั้งที่ 7 ,375
แมงกานีส,KK12 ,สะพานโยนกนาคนคร  ,ครั้งที่ 7 ,262
แมงกานีส,KK13 ,ต.ท่าข้าวเปลือก อ.แม่จัน ,ครั้งที่ 7 ,351
แมงกานีส,KK14 ,ต.หนองป่าก่อ อ.ดอยหลวง  ,ครั้งที่ 7 ,329
แมงกานีส,KK15 ,ต.บ้านแซว อ.เชียงแสน  ,ครั้งที่ 7 ,562
แมงกานีส,KO01 ,ต.ท่าสาย อ.เมือง จ.เชียงราย ,ครั้งที่ 7 ,509
แมงกานีส,LA01 ,ต.เวียงชัย อ.เวียงชัย ,ครั้งที่ 7 ,301
แมงกานีส,SU01 ,ต.แม่สรวย อ.แม่สรวย  ,ครั้งที่ 7 ,170
แมงกานีส,SA01 ,บ้านหัวฝาย ต.แม่สาย อ.แม่สาย  ,ครั้งที่ 7 ,258
แมงกานีส,SA02 ,สะพานมิตรภาพแม่น้ำสายแห่งที่ 2  ,ครั้งที่ 7 ,224
แมงกานีส,SA03 ,บ้านป่าซางงาม ม.6  ,ครั้งที่ 7 ,273
แมงกานีส,RU01 ,สถานีสูบน้ำเกาะช้าง  การประปาส่วนภูมิภาค  ,ครั้งที่ 7 ,362
แมงกานีส,RU02 ,ต.เวียง อ.เชียงแสน ,ครั้งที่ 7 ,645
แมงกานีส,NK01 ,จุดผ่านแดนสามเหลี่ยมทองคำ  ,ครั้งที่ 7 ,504
แมงกานีส,NK02 ,ต.เวียง อ.เชียงแสน ,ครั้งที่ 7 ,660
แมงกานีส,NK03 ,บ้านสบกก ต.บ้านแซว อ.เชียงแสน  ,ครั้งที่ 7 ,487
นิกเกิล,KK01 ,ชายแดนไทย - พม่า ,ครั้งที่ 7 ,15
นิกเกิล,KK02 ,สะพานมติ รภาพแม่นาวาง-ท่าตอน  ,ครั้งที่ 7 ,<10 
นิกเกิล,KK03 ,สะพานสองดินแดนบ้านแม่สลัก  ,ครั้งที่ 7 ,<10 
นิกเกิล,FA01 ,ต.มะลิกา อ.แม่อาย ,ครั้งที่ 7 ,11
นิกเกิล,KK04 ,บ้านจะเด้อ หมู่ 6 ,ครั้งที่ 7 ,<10 
นิกเกิล,KK05 ,สะพานมิตรภาพแม่ยาว-ดอยฮาง  ,ครั้งที่ 7 ,12
นิกเกิล,KK06 ,บ้านโป่งนาคำ  ,ครั้งที่ 7 ,10
นิกเกิล,KK07 ,สะพานข้ามแม่น้ำกก  ,ครั้งที่ 7 ,<10 
นิกเกิล,KK08 ,สะพานแม่ฟ้าหลวง  ,ครั้งที่ 7 ,<10 
นิกเกิล,KK09 ,สะพานเฉลิมพระเกียรติ1  ,ครั้งที่ 7 ,<10 
นิกเกิล,KK10 ,ฝายเชียงราย ,ครั้งที่ 7 ,26
นิกเกิล,KK11 ,สะพานริมกก-เวียงเหนือรวมใจ  ,ครั้งที่ 7 ,21
นิกเกิล,KK12 ,สะพานโยนกนาคนคร  ,ครั้งที่ 7 ,15
นิกเกิล,KK13 ,ต.ท่าข้าวเปลือก อ.แม่จัน ,ครั้งที่ 7 ,19
นิกเกิล,KK14 ,ต.หนองป่าก่อ อ.ดอยหลวง  ,ครั้งที่ 7 ,17
นิกเกิล,KK15 ,ต.บ้านแซว อ.เชียงแสน  ,ครั้งที่ 7 ,24
นิกเกิล,KO01 ,ต.ท่าสาย อ.เมือง จ.เชียงราย ,ครั้งที่ 7 ,21
นิกเกิล,LA01 ,ต.เวียงชัย อ.เวียงชัย ,ครั้งที่ 7 ,14
นิกเกิล,SU01 ,ต.แม่สรวย อ.แม่สรวย  ,ครั้งที่ 7 ,<10 
นิกเกิล,SA01 ,บ้านหัวฝาย ต.แม่สาย อ.แม่สาย  ,ครั้งที่ 7 ,14
นิกเกิล,SA02 ,สะพานมิตรภาพแม่น้ำสายแห่งที่ 2  ,ครั้งที่ 7 ,10
นิกเกิล,SA03 ,บ้านป่าซางงาม ม.6  ,ครั้งที่ 7 ,14
นิกเกิล,RU01 ,สถานีสูบน้ำเกาะช้าง  การประปาส่วนภูมิภาค  ,ครั้งที่ 7 ,14
นิกเกิล,RU02 ,ต.เวียง อ.เชียงแสน ,ครั้งที่ 7 ,21
นิกเกิล,NK01 ,จุดผ่านแดนสามเหลี่ยมทองคำ  ,ครั้งที่ 7 ,13
นิกเกิล,NK02 ,ต.เวียง อ.เชียงแสน ,ครั้งที่ 7 ,13
นิกเกิล,NK03 ,บ้านสบกก ต.บ้านแซว อ.เชียงแสน  ,ครั้งที่ 7 ,13
ตะกั่ว,KK01 ,ชายแดนไทย - พม่า ,ครั้งที่ 7 ,12
ตะกั่ว,KK02 ,สะพานมติ รภาพแม่นาวาง-ท่าตอน  ,ครั้งที่ 7 ,<10 
ตะกั่ว,KK03 ,สะพานสองดินแดนบ้านแม่สลัก  ,ครั้งที่ 7 ,<10 
ตะกั่ว,FA01 ,ต.มะลิกา อ.แม่อาย ,ครั้งที่ 7 ,<10 
ตะกั่ว,KK04 ,บ้านจะเด้อ หมู่ 6 ,ครั้งที่ 7 ,<10 
ตะกั่ว,KK05 ,สะพานมิตรภาพแม่ยาว-ดอยฮาง  ,ครั้งที่ 7 ,<10 
ตะกั่ว,KK06 ,บ้านโป่งนาคำ  ,ครั้งที่ 7 ,<10 
ตะกั่ว,KK07 ,สะพานข้ามแม่น้ำกก  ,ครั้งที่ 7 ,<10 
ตะกั่ว,KK08 ,สะพานแม่ฟ้าหลวง  ,ครั้งที่ 7 ,<10 
ตะกั่ว,KK09 ,สะพานเฉลิมพระเกียรติ1  ,ครั้งที่ 7 ,<10 
ตะกั่ว,KK10 ,ฝายเชียงราย ,ครั้งที่ 7 ,24
ตะกั่ว,KK11 ,สะพานริมกก-เวียงเหนือรวมใจ  ,ครั้งที่ 7 ,15
ตะกั่ว,KK12 ,สะพานโยนกนาคนคร  ,ครั้งที่ 7 ,12
ตะกั่ว,KK13 ,ต.ท่าข้าวเปลือก อ.แม่จัน ,ครั้งที่ 7 ,15
ตะกั่ว,KK14 ,ต.หนองป่าก่อ อ.ดอยหลวง  ,ครั้งที่ 7 ,14
ตะกั่ว,KK15 ,ต.บ้านแซว อ.เชียงแสน  ,ครั้งที่ 7 ,21
ตะกั่ว,KO01 ,ต.ท่าสาย อ.เมือง จ.เชียงราย ,ครั้งที่ 7 ,20
ตะกั่ว,LA01 ,ต.เวียงชัย อ.เวียงชัย ,ครั้งที่ 7 ,<10 
ตะกั่ว,SU01 ,ต.แม่สรวย อ.แม่สรวย  ,ครั้งที่ 7 ,<10 
ตะกั่ว,SA01 ,บ้านหัวฝาย ต.แม่สาย อ.แม่สาย  ,ครั้งที่ 7 ,11
ตะกั่ว,SA02 ,สะพานมิตรภาพแม่น้ำสายแห่งที่ 2  ,ครั้งที่ 7 ,<10 
ตะกั่ว,SA03 ,บ้านป่าซางงาม ม.6  ,ครั้งที่ 7 ,13
ตะกั่ว,RU01 ,สถานีสูบน้ำเกาะช้าง  การประปาส่วนภูมิภาค  ,ครั้งที่ 7 ,12
ตะกั่ว,RU02 ,ต.เวียง อ.เชียงแสน ,ครั้งที่ 7 ,24
ตะกั่ว,NK01 ,จุดผ่านแดนสามเหลี่ยมทองคำ  ,ครั้งที่ 7 ,14
ตะกั่ว,NK02 ,ต.เวียง อ.เชียงแสน ,ครั้งที่ 7 ,15
ตะกั่ว,NK03 ,บ้านสบกก ต.บ้านแซว อ.เชียงแสน  ,ครั้งที่ 7 ,13
สังกะสี,KK01 ,ชายแดนไทย - พม่า ,ครั้งที่ 7 ,33
สังกะสี,KK02 ,สะพานมติ รภาพแม่นาวาง-ท่าตอน  ,ครั้งที่ 7 ,13
สังกะสี,KK03 ,สะพานสองดินแดนบ้านแม่สลัก  ,ครั้งที่ 7 ,16
สังกะสี,FA01 ,ต.มะลิกา อ.แม่อาย ,ครั้งที่ 7 ,20
สังกะสี,KK04 ,บ้านจะเด้อ หมู่ 6 ,ครั้งที่ 7 ,<10 
สังกะสี,KK05 ,สะพานมิตรภาพแม่ยาว-ดอยฮาง  ,ครั้งที่ 7 ,24
สังกะสี,KK06 ,บ้านโป่งนาคำ  ,ครั้งที่ 7 ,20
สังกะสี,KK07 ,สะพานข้ามแม่น้ำกก  ,ครั้งที่ 7 ,18
สังกะสี,KK08 ,สะพานแม่ฟ้าหลวง  ,ครั้งที่ 7 ,17
สังกะสี,KK09 ,สะพานเฉลิมพระเกียรติ1  ,ครั้งที่ 7 ,21
สังกะสี,KK10 ,ฝายเชียงราย ,ครั้งที่ 7 ,45
สังกะสี,KK11 ,สะพานริมกก-เวียงเหนือรวมใจ  ,ครั้งที่ 7 ,38
สังกะสี,KK12 ,สะพานโยนกนาคนคร  ,ครั้งที่ 7 ,29
สังกะสี,KK13 ,ต.ท่าข้าวเปลือก อ.แม่จัน ,ครั้งที่ 7 ,36
สังกะสี,KK14 ,ต.หนองป่าก่อ อ.ดอยหลวง  ,ครั้งที่ 7 ,33
สังกะสี,KK15 ,ต.บ้านแซว อ.เชียงแสน  ,ครั้งที่ 7 ,43
สังกะสี,KO01 ,ต.ท่าสาย อ.เมือง จ.เชียงราย ,ครั้งที่ 7 ,46
สังกะสี,LA01 ,ต.เวียงชัย อ.เวียงชัย ,ครั้งที่ 7 ,31
สังกะสี,SU01 ,ต.แม่สรวย อ.แม่สรวย  ,ครั้งที่ 7 ,13
สังกะสี,SA01 ,บ้านหัวฝาย ต.แม่สาย อ.แม่สาย  ,ครั้งที่ 7 ,29
สังกะสี,SA02 ,สะพานมิตรภาพแม่น้ำสายแห่งที่ 2  ,ครั้งที่ 7 ,19
สังกะสี,SA03 ,บ้านป่าซางงาม ม.6  ,ครั้งที่ 7 ,30
สังกะสี,RU01 ,สถานีสูบน้ำเกาะช้าง  การประปาส่วนภูมิภาค  ,ครั้งที่ 7 ,36
สังกะสี,RU02 ,ต.เวียง อ.เชียงแสน ,ครั้งที่ 7 ,52
สังกะสี,NK01 ,จุดผ่านแดนสามเหลี่ยมทองคำ  ,ครั้งที่ 7 ,38
สังกะสี,NK02 ,ต.เวียง อ.เชียงแสน ,ครั้งที่ 7 ,39
สังกะสี,NK03 ,บ้านสบกก ต.บ้านแซว อ.เชียงแสน  ,ครั้งที่ 7 ,32
ทองแดง,KK01 ,ชายแดนไทย - พม่า ,ครั้งที่ 7 ,<10 
ทองแดง,KK02 ,สะพานมติ รภาพแม่นาวาง-ท่าตอน  ,ครั้งที่ 7 ,<10 
ทองแดง,KK03 ,สะพานสองดินแดนบ้านแม่สลัก  ,ครั้งที่ 7 ,<10 
ทองแดง,FA01 ,ต.มะลิกา อ.แม่อาย ,ครั้งที่ 7 ,<10 
ทองแดง,KK04 ,บ้านจะเด้อ หมู่ 6 ,ครั้งที่ 7 ,<10 
ทองแดง,KK05 ,สะพานมิตรภาพแม่ยาว-ดอยฮาง  ,ครั้งที่ 7 ,<10 
ทองแดง,KK06 ,บ้านโป่งนาคำ  ,ครั้งที่ 7 ,<10 
ทองแดง,KK07 ,สะพานข้ามแม่น้ำกก  ,ครั้งที่ 7 ,<10 
ทองแดง,KK08 ,สะพานแม่ฟ้าหลวง  ,ครั้งที่ 7 ,<10 
ทองแดง,KK09 ,สะพานเฉลิมพระเกียรติ1  ,ครั้งที่ 7 ,<10 
ทองแดง,KK10 ,ฝายเชียงราย ,ครั้งที่ 7 ,17
ทองแดง,KK11 ,สะพานริมกก-เวียงเหนือรวมใจ  ,ครั้งที่ 7 ,13
ทองแดง,KK12 ,สะพานโยนกนาคนคร  ,ครั้งที่ 7 ,<10 
ทองแดง,KK13 ,ต.ท่าข้าวเปลือก อ.แม่จัน ,ครั้งที่ 7 ,11
ทองแดง,KK14 ,ต.หนองป่าก่อ อ.ดอยหลวง  ,ครั้งที่ 7 ,10
ทองแดง,KK15 ,ต.บ้านแซว อ.เชียงแสน  ,ครั้งที่ 7 ,17
ทองแดง,KO01 ,ต.ท่าสาย อ.เมือง จ.เชียงราย ,ครั้งที่ 7 ,22
ทองแดง,LA01 ,ต.เวียงชัย อ.เวียงชัย ,ครั้งที่ 7 ,11
ทองแดง,SU01 ,ต.แม่สรวย อ.แม่สรวย  ,ครั้งที่ 7 ,<10 
ทองแดง,SA01 ,บ้านหัวฝาย ต.แม่สาย อ.แม่สาย  ,ครั้งที่ 7 ,14
ทองแดง,SA02 ,สะพานมิตรภาพแม่น้ำสายแห่งที่ 2  ,ครั้งที่ 7 ,<10 
ทองแดง,SA03 ,บ้านป่าซางงาม ม.6  ,ครั้งที่ 7 ,14
ทองแดง,RU01 ,สถานีสูบน้ำเกาะช้าง  การประปาส่วนภูมิภาค  ,ครั้งที่ 7 ,17
ทองแดง,RU02 ,ต.เวียง อ.เชียงแสน ,ครั้งที่ 7 ,25
ทองแดง,NK01 ,จุดผ่านแดนสามเหลี่ยมทองคำ  ,ครั้งที่ 7 ,18
ทองแดง,NK02 ,ต.เวียง อ.เชียงแสน ,ครั้งที่ 7 ,25
ทองแดง,NK03 ,บ้านสบกก ต.บ้านแซว อ.เชียงแสน  ,ครั้งที่ 7 ,15
ปรอท,KK01 ,ชายแดนไทย - พม่า ,ครั้งที่ 7 ,<0.05 
ปรอท,KK02 ,สะพานมติ รภาพแม่นาวาง-ท่าตอน  ,ครั้งที่ 7 ,<0.05 
ปรอท,KK03 ,สะพานสองดินแดนบ้านแม่สลัก  ,ครั้งที่ 7 ,<0.05 
ปรอท,FA01 ,ต.มะลิกา อ.แม่อาย ,ครั้งที่ 7 ,<0.05 
ปรอท,KK04 ,บ้านจะเด้อ หมู่ 6 ,ครั้งที่ 7 ,<0.05 
ปรอท,KK05 ,สะพานมิตรภาพแม่ยาว-ดอยฮาง  ,ครั้งที่ 7 ,<0.05 
ปรอท,KK06 ,บ้านโป่งนาคำ  ,ครั้งที่ 7 ,<0.05 
ปรอท,KK07 ,สะพานข้ามแม่น้ำกก  ,ครั้งที่ 7 ,<0.05 
ปรอท,KK08 ,สะพานแม่ฟ้าหลวง  ,ครั้งที่ 7 ,<0.05 
ปรอท,KK09 ,สะพานเฉลิมพระเกียรติ1  ,ครั้งที่ 7 ,<0.05 
ปรอท,KK10 ,ฝายเชียงราย ,ครั้งที่ 7 ,<0.05 
ปรอท,KK11 ,สะพานริมกก-เวียงเหนือรวมใจ  ,ครั้งที่ 7 ,<0.05 
ปรอท,KK12 ,สะพานโยนกนาคนคร  ,ครั้งที่ 7 ,<0.05 
ปรอท,KK13 ,ต.ท่าข้าวเปลือก อ.แม่จัน ,ครั้งที่ 7 ,<0.05 
ปรอท,KK14 ,ต.หนองป่าก่อ อ.ดอยหลวง  ,ครั้งที่ 7 ,<0.05 
ปรอท,KK15 ,ต.บ้านแซว อ.เชียงแสน  ,ครั้งที่ 7 ,<0.05 
ปรอท,KO01 ,ต.ท่าสาย อ.เมือง จ.เชียงราย ,ครั้งที่ 7 ,<0.05 
ปรอท,LA01 ,ต.เวียงชัย อ.เวียงชัย ,ครั้งที่ 7 ,<0.05 
ปรอท,SU01 ,ต.แม่สรวย อ.แม่สรวย  ,ครั้งที่ 7 ,<0.05 
ปรอท,SA01 ,บ้านหัวฝาย ต.แม่สาย อ.แม่สาย  ,ครั้งที่ 7 ,<0.05 
ปรอท,SA02 ,สะพานมิตรภาพแม่น้ำสายแห่งที่ 2  ,ครั้งที่ 7 ,<0.05 
ปรอท,SA03 ,บ้านป่าซางงาม ม.6  ,ครั้งที่ 7 ,<0.05 
ปรอท,RU01 ,สถานีสูบน้ำเกาะช้าง  การประปาส่วนภูมิภาค  ,ครั้งที่ 7 ,<0.05 
ปรอท,RU02 ,ต.เวียง อ.เชียงแสน ,ครั้งที่ 7 ,0.05
ปรอท,NK01 ,จุดผ่านแดนสามเหลี่ยมทองคำ  ,ครั้งที่ 7 ,<0.05 
ปรอท,NK02 ,ต.เวียง อ.เชียงแสน ,ครั้งที่ 7 ,0.05
ปรอท,NK03 ,บ้านสบกก ต.บ้านแซว อ.เชียงแสน  ,ครั้งที่ 7 ,<0.05 
โครเมียม,KK01 ,ชายแดนไทย - พม่า ,ครั้งที่ 7 ,41
โครเมียม,KK02 ,สะพานมติ รภาพแม่นาวาง-ท่าตอน  ,ครั้งที่ 7 ,19
โครเมียม,KK03 ,สะพานสองดินแดนบ้านแม่สลัก  ,ครั้งที่ 7 ,20
โครเมียม,FA01 ,ต.มะลิกา อ.แม่อาย ,ครั้งที่ 7 ,24
โครเมียม,KK04 ,บ้านจะเด้อ หมู่ 6 ,ครั้งที่ 7 ,15
โครเมียม,KK05 ,สะพานมิตรภาพแม่ยาว-ดอยฮาง  ,ครั้งที่ 7 ,34
โครเมียม,KK06 ,บ้านโป่งนาคำ  ,ครั้งที่ 7 ,27
โครเมียม,KK07 ,สะพานข้ามแม่น้ำกก  ,ครั้งที่ 7 ,22
โครเมียม,KK08 ,สะพานแม่ฟ้าหลวง  ,ครั้งที่ 7 ,24
โครเมียม,KK09 ,สะพานเฉลิมพระเกียรติ1  ,ครั้งที่ 7 ,27
โครเมียม,KK10 ,ฝายเชียงราย ,ครั้งที่ 7 ,50
โครเมียม,KK11 ,สะพานริมกก-เวียงเหนือรวมใจ  ,ครั้งที่ 7 ,45
โครเมียม,KK12 ,สะพานโยนกนาคนคร  ,ครั้งที่ 7 ,39
โครเมียม,KK13 ,ต.ท่าข้าวเปลือก อ.แม่จัน ,ครั้งที่ 7 ,44
โครเมียม,KK14 ,ต.หนองป่าก่อ อ.ดอยหลวง  ,ครั้งที่ 7 ,43
โครเมียม,KK15 ,ต.บ้านแซว อ.เชียงแสน  ,ครั้งที่ 7 ,54
โครเมียม,KO01 ,ต.ท่าสาย อ.เมือง จ.เชียงราย ,ครั้งที่ 7 ,39
โครเมียม,LA01 ,ต.เวียงชัย อ.เวียงชัย ,ครั้งที่ 7 ,29
โครเมียม,SU01 ,ต.แม่สรวย อ.แม่สรวย  ,ครั้งที่ 7 ,15
โครเมียม,SA01 ,บ้านหัวฝาย ต.แม่สาย อ.แม่สาย  ,ครั้งที่ 7 ,38
โครเมียม,SA02 ,สะพานมิตรภาพแม่น้ำสายแห่งที่ 2  ,ครั้งที่ 7 ,29
โครเมียม,SA03 ,บ้านป่าซางงาม ม.6  ,ครั้งที่ 7 ,40
โครเมียม,RU01 ,สถานีสูบน้ำเกาะช้าง  การประปาส่วนภูมิภาค  ,ครั้งที่ 7 ,37
โครเมียม,RU02 ,ต.เวียง อ.เชียงแสน ,ครั้งที่ 7 ,42
โครเมียม,NK01 ,จุดผ่านแดนสามเหลี่ยมทองคำ  ,ครั้งที่ 7 ,32
โครเมียม,NK02 ,ต.เวียง อ.เชียงแสน ,ครั้งที่ 7 ,28
โครเมียม,NK03 ,บ้านสบกก ต.บ้านแซว อ.เชียงแสน  ,ครั้งที่ 7 ,31
